TimeCoordinate,Channel_1,Channel_2,Label
0,0,0,Extension
1,0.5279,0.5797,Extension
2,0.5259,0.5816,Extension
3,0.5494,0.6217,Extension
4,0.5464,0.5963,Extension
5,0.5523,0.6237,Extension
6,0.5826,0.651,Extension
7,0.5552,0.608,Extension
8,0.5601,0.6197,Extension
9,0.5621,0.6979,Extension
10,0.5367,0.6217,Extension
11,0.5357,0.6354,Extension
12,0.5396,0.6207,Extension
13,0.5093,0.5503,Extension
14,0.4956,0.5161,Extension
15,0.4829,0.5015,Extension
16,0.4731,0.4927,Extension
17,0.4985,0.5376,Extension
18,0.5054,0.5484,Extension
19,0.5103,0.5543,Extension
-,-,-,-
0,0.5112,0.5533,Extension
1,0.5005,0.5308,Extension
2,0.4682,0.4858,Extension
3,0.4829,0.5083,Extension
4,0.4878,0.5327,Extension
5,0.4946,0.5455,Extension
6,0.523,0.5787,Extension
7,0.5347,0.5718,Extension
8,0.523,0.5298,Extension
9,0.5601,0.6393,Extension
10,0.5015,0.5904,Extension
11,0.5073,0.5415,Extension
12,0.52,0.5787,Extension
13,0.5327,0.6022,Extension
14,0.5298,0.5865,Extension
15,0.5083,0.5601,Extension
16,0.48,0.5034,Extension
17,0.4594,0.4653,Extension
18,0.4868,0.5064,Extension
19,0.5093,0.5337,Extension
-,-,-,-
0,0.5239,0.5777,Extension
1,0.5474,0.6041,Extension
2,0.5142,0.5445,Extension
3,0.4565,0.4545,Extension
4,0.4526,0.4731,Extension
5,0.4721,0.4839,Extension
6,0.5083,0.5543,Extension
7,0.5503,0.6403,Extension
8,0.5415,0.6041,Extension
9,0.4878,0.5122,Extension
10,0.5298,0.5318,Extension
11,0.5191,0.5679,Extension
12,0.563,0.5591,Extension
13,0.5621,0.6579,Extension
14,0.565,0.6491,Extension
15,0.5279,0.5865,Extension
16,0.4761,0.5191,Extension
17,0.433,0.4184,Extension
18,0.435,0.4282,Extension
19,0.5103,0.5386,Extension
-,-,-,-
0,0.565,0.6325,Extension
1,0.5562,0.6256,Extension
2,0.5376,0.5894,Extension
3,0.4673,0.4819,Extension
4,0.4409,0.436,Extension
5,0.48,0.5142,Extension
6,0.52,0.5543,Extension
7,0.5367,0.5914,Extension
8,0.5455,0.6061,Extension
9,0.4751,0.5093,Extension
10,0.4536,0.4731,Extension
11,0.5015,0.522,Extension
12,0.6051,0.74,Extension
13,0.7126,0.8485,Extension
14,0.607,0.6637,Extension
15,0.4966,0.5435,Extension
16,0.4868,0.5259,Extension
17,0.5034,0.5347,Extension
18,0.5044,0.5386,Extension
19,0.4907,0.523,Extension
-,-,-,-
0,0.5073,0.5445,Extension
1,0.4829,0.5034,Extension
2,0.4868,0.5122,Extension
3,0.5122,0.5582,Extension
4,0.5122,0.5591,Extension
5,0.5005,0.5396,Extension
6,0.4995,0.5357,Extension
7,0.4682,0.4927,Extension
8,0.4614,0.4878,Extension
9,0.4936,0.5269,Extension
10,0.4936,0.5357,Extension
11,0.5083,0.5425,Extension
12,0.5621,0.5777,Extension
13,0.522,0.5494,Extension
14,0.5758,0.7243,Extension
15,0.5621,0.6491,Extension
16,0.5054,0.5787,Extension
17,0.5103,0.5738,Extension
18,0.5298,0.5787,Extension
19,0.4966,0.523,Extension
-,-,-,-
0,0.4819,0.5054,Extension
1,0.4868,0.5112,Extension
2,0.4721,0.4917,Extension
3,0.4839,0.522,Extension
4,0.5044,0.5455,Extension
5,0.5005,0.5367,Extension
6,0.4868,0.523,Extension
7,0.4868,0.52,Extension
8,0.4761,0.4848,Extension
9,0.4809,0.4966,Extension
10,0.523,0.6461,Extension
11,0.6422,0.6471,Extension
12,0.5572,0.6158,Extension
13,0.5337,0.609,Extension
14,0.4976,0.5357,Extension
15,0.4829,0.522,Extension
16,0.4682,0.4878,Extension
17,0.4604,0.4751,Extension
18,0.4966,0.5464,Extension
19,0.5367,0.5953,Extension
-,-,-,-
0,0.5269,0.5806,Extension
1,0.5054,0.5376,Extension
2,0.4594,0.4712,Extension
3,0.4321,0.435,Extension
4,0.4819,0.5015,Extension
5,0.565,0.6588,Extension
6,0.6823,0.913,Extension
7,0.5855,0.7302,Extension
8,0.5054,0.563,Extension
9,0.4223,0.4272,Extension
10,0.435,0.435,Extension
11,0.4565,0.48,Extension
12,0.5103,0.5582,Extension
13,0.5748,0.6569,Extension
14,0.5406,0.6051,Extension
15,0.4633,0.4858,Extension
16,0.435,0.4379,Extension
17,0.4272,0.436,Extension
18,0.4692,0.4946,Extension
19,0.5552,0.6354,Extension
-,-,-,-
0,0.5611,0.6452,Extension
1,0.5083,0.5552,Extension
2,0.5191,0.5044,Extension
3,0.5425,0.5826,Extension
4,0.5357,0.5914,Extension
5,0.5875,0.6862,Extension
6,0.565,0.6393,Extension
7,0.5161,0.6022,Extension
8,0.5064,0.565,Extension
9,0.4663,0.4927,Extension
10,0.4673,0.4927,Extension
11,0.5015,0.5435,Extension
12,0.5015,0.5386,Extension
13,0.4985,0.5376,Extension
14,0.5024,0.5464,Extension
15,0.478,0.5122,Extension
16,0.4829,0.5191,Extension
17,0.5034,0.5552,Extension
18,0.4907,0.5318,Extension
19,0.4761,0.5005,Extension
-,-,-,-
0,0.4888,0.5142,Extension
1,0.4917,0.5103,Extension
2,0.609,0.8524,Extension
3,0.566,0.7204,Extension
4,0.5015,0.5904,Extension
5,0.4985,0.5269,Extension
6,0.4809,0.5181,Extension
7,0.4673,0.4888,Extension
8,0.477,0.5093,Extension
9,0.5112,0.5582,Extension
10,0.5073,0.5494,Extension
11,0.5015,0.5484,Extension
12,0.5112,0.5611,Extension
13,0.4839,0.5181,Extension
14,0.477,0.5181,Extension
15,0.5044,0.5435,Extension
16,0.5161,0.5689,Extension
17,0.5279,0.6061,Extension
18,0.6344,0.6774,Extension
19,0.5503,0.5982,Extension
-,-,-,-
0,0.4966,0.5347,Extension
1,0.4976,0.5503,Extension
2,0.4985,0.5533,Extension
3,0.5181,0.5885,Extension
4,0.5288,0.5943,Extension
5,0.5103,0.5503,Extension
6,0.4927,0.5308,Extension
7,0.4995,0.5503,Extension
8,0.4858,0.521,Extension
9,0.4897,0.5298,Extension
10,0.5132,0.5797,Extension
11,0.5024,0.5601,Extension
12,0.5171,0.5797,Extension
13,0.5044,0.5699,Extension
14,0.4614,0.4956,Extension
15,0.4565,0.4888,Extension
16,0.4761,0.5152,Extension
17,0.48,0.5279,Extension
18,0.5318,0.6061,Extension
19,0.5415,0.6149,Extension
-,-,-,-
0,0.5034,0.5425,Extension
1,0.4643,0.4995,Extension
2,0.4878,0.4604,Extension
3,0.5464,0.6061,Extension
4,0.6774,0.7693,Extension
5,0.6432,0.7468,Extension
6,0.565,0.6686,Extension
7,0.5249,0.5894,Extension
8,0.4633,0.4721,Extension
9,0.4213,0.4301,Extension
10,0.4653,0.5064,Extension
11,0.5249,0.5865,Extension
12,0.5855,0.65,Extension
13,0.567,0.651,Extension
14,0.4848,0.5308,Extension
15,0.4272,0.437,Extension
16,0.4311,0.4477,Extension
17,0.4721,0.5024,Extension
18,0.5318,0.5982,Extension
19,0.5709,0.6588,Extension
-,-,-,-
0,0.5288,0.5992,Extension
1,0.4575,0.4907,Extension
2,0.4497,0.4858,Extension
3,0.4633,0.478,Extension
4,0.4946,0.5308,Extension
5,0.5513,0.6207,Extension
6,0.5239,0.5787,Extension
7,0.5308,0.609,Extension
8,0.5415,0.6012,Extension
9,0.5435,0.5826,Extension
10,0.4995,0.567,Extension
11,0.5406,0.6041,Extension
12,0.5337,0.566,Extension
13,0.4966,0.5494,Extension
14,0.5015,0.5601,Extension
15,0.4976,0.5503,Extension
16,0.5015,0.5523,Extension
17,0.5142,0.5758,Extension
18,0.4868,0.5327,Extension
19,0.4731,0.5093,Extension
-,-,-,-
0,0.4897,0.5367,Extension
1,0.4995,0.5503,Extension
2,0.5161,0.5758,Extension
3,0.5239,0.5816,Extension
4,0.4868,0.5406,Extension
5,0.4751,0.5152,Extension
6,0.4692,0.5288,Extension
7,0.479,0.522,Extension
8,0.5122,0.5679,Extension
9,0.521,0.5963,Extension
10,0.5728,0.7615,Extension
11,0.61,0.6725,Extension
12,0.5337,0.5973,Extension
13,0.4936,0.5464,Extension
14,0.5064,0.5611,Extension
15,0.5425,0.6002,Extension
16,0.5171,0.5679,Extension
17,0.5152,0.564,Extension
18,0.5044,0.5533,Extension
19,0.4731,0.4985,Extension
-,-,-,-
0,0.4809,0.5161,Extension
1,0.5044,0.5533,Extension
2,0.5112,0.565,Extension
3,0.5259,0.5875,Extension
4,0.5093,0.567,Extension
5,0.479,0.5161,Extension
6,0.4809,0.5357,Extension
7,0.4946,0.5406,Extension
8,0.4897,0.5415,Extension
9,0.5239,0.6041,Extension
10,0.5982,0.784,Extension
11,0.5767,0.7116,Extension
12,0.5298,0.6266,Extension
13,0.5005,0.5415,Extension
14,0.4692,0.5161,Extension
15,0.4917,0.5758,Extension
16,0.5298,0.6012,Extension
17,0.5455,0.6295,Extension
18,0.5591,0.6403,Extension
19,0.5083,0.5591,Extension
-,-,-,-
0,0.4448,0.4663,Extension
1,0.4536,0.4712,Extension
2,0.4702,0.4966,Extension
3,0.52,0.5787,Extension
4,0.5758,0.6628,Extension
5,0.5601,0.6325,Extension
6,0.4907,0.5455,Extension
7,0.4575,0.479,Extension
8,0.4301,0.4321,Extension
9,0.4663,0.4976,Extension
10,0.5992,0.7195,Extension
11,0.7116,0.7928,Extension
12,0.6373,0.6931,Extension
13,0.5142,0.566,Extension
14,0.434,0.4526,Extension
15,0.435,0.4575,Extension
16,0.5083,0.5611,Extension
17,0.5591,0.6325,Extension
18,0.563,0.6491,Extension
19,0.5406,0.61,Extension
-,-,-,-
0,0.4575,0.4858,Extension
1,0.4477,0.4673,Extension
2,0.4868,0.5308,Extension
3,0.522,0.5797,Extension
4,0.5552,0.6285,Extension
5,0.5386,0.6061,Extension
6,0.4917,0.5367,Extension
7,0.478,0.5152,Extension
8,0.5523,0.6618,Extension
9,0.5816,0.7419,Extension
10,0.6119,0.7302,Extension
11,0.5376,0.6461,Extension
12,0.5015,0.5562,Extension
13,0.5112,0.5748,Extension
14,0.5132,0.5679,Extension
15,0.5152,0.5689,Extension
16,0.52,0.5875,Extension
17,0.4936,0.5367,Extension
18,0.4858,0.5279,Extension
19,0.5885,0.7048,Extension
-,-,-,-
0,0.5112,0.5738,Extension
1,0.5103,0.5679,Extension
2,0.521,0.5826,Extension
3,0.4927,0.5367,Extension
4,0.4702,0.4946,Extension
5,0.5005,0.5689,Extension
6,0.5171,0.5992,Extension
7,0.5846,0.7146,Extension
8,0.608,0.7761,Extension
9,0.5591,0.6422,Extension
10,0.5093,0.566,Extension
11,0.5161,0.5718,Extension
12,0.4927,0.5367,Extension
13,0.5034,0.5562,Extension
14,0.5415,0.6227,Extension
15,0.5269,0.5904,Extension
16,0.5015,0.5503,Extension
17,0.4956,0.5503,Extension
18,0.4712,0.5112,Extension
19,0.4848,0.5396,Extension
-,-,-,-
0,0.5191,0.5826,Extension
1,0.5132,0.5748,Extension
2,0.52,0.5826,Extension
3,0.5152,0.5689,Extension
4,0.4848,0.5376,Extension
5,0.48,0.5298,Extension
6,0.4995,0.5543,Extension
7,0.5015,0.5601,Extension
8,0.6012,0.6852,Extension
9,0.6452,0.7507,Extension
10,0.5777,0.6588,Extension
11,0.5152,0.6041,Extension
12,0.5122,0.5787,Extension
13,0.4673,0.4985,Extension
14,0.4917,0.5288,Extension
15,0.5308,0.5885,Extension
16,0.5367,0.61,Extension
17,0.5406,0.6129,Extension
18,0.5015,0.5611,Extension
19,0.4477,0.48,Extension
-,-,-,-
0,0.4516,0.4848,Extension
1,0.4878,0.5347,Extension
2,0.523,0.5943,Extension
3,0.5689,0.6628,Extension
4,0.5406,0.6227,Extension
5,0.4702,0.5142,Extension
6,0.4487,0.479,Extension
7,0.4399,0.4673,Extension
8,0.5015,0.5464,Extension
9,0.6579,0.7801,Extension
10,0.6432,0.915,Extension
11,0.5846,0.6872,Extension
12,0.477,0.5269,Extension
13,0.4428,0.4721,Extension
14,0.4516,0.4702,Extension
15,0.5259,0.5875,Extension
16,0.5689,0.652,Extension
17,0.5543,0.6305,Extension
18,0.5288,0.5953,Extension
19,0.4594,0.4917,Extension
-,-,-,-
0,0.4428,0.4682,Extension
1,0.4927,0.5484,Extension
2,0.5308,0.6031,Extension
3,0.5435,0.6197,Extension
4,0.5259,0.5943,Extension
5,0.4819,0.5161,Extension
6,0.4536,0.4858,Extension
7,0.5259,0.5709,Extension
8,0.566,0.6491,Extension
9,0.6022,0.7263,Extension
10,0.5943,0.7048,Extension
11,0.52,0.6012,Extension
12,0.5161,0.5679,Extension
13,0.5181,0.5865,Extension
14,0.5122,0.5621,Extension
15,0.4976,0.5406,Extension
16,0.4995,0.5425,Extension
17,0.479,0.52,Extension
18,0.4995,0.5494,Extension
19,0.5269,0.6022,Extension
-,-,-,-
0,0.5161,0.5816,Extension
1,0.5015,0.5552,Extension
2,0.5054,0.563,Extension
3,0.4751,0.5152,Extension
4,0.4897,0.5337,Extension
5,0.5152,0.5826,Extension
6,0.5181,0.5777,Extension
7,0.5347,0.5904,Extension
8,0.5288,0.608,Extension
9,0.5152,0.5406,Extension
10,0.6109,0.7224,Extension
11,0.6716,0.8025,Extension
12,0.6012,0.7028,Extension
13,0.5435,0.6285,Extension
14,0.5474,0.6012,Extension
15,0.5015,0.5425,Extension
16,0.4848,0.5142,Extension
17,0.4917,0.5386,Extension
18,0.4927,0.5455,Extension
19,0.5142,0.5767,Extension
-,-,-,-
0,0.5259,0.6012,Extension
1,0.5015,0.5562,Extension
2,0.5044,0.5611,Extension
3,0.4868,0.5484,Extension
4,0.479,0.5249,Extension
5,0.4966,0.5494,Extension
6,0.5122,0.5797,Extension
7,0.5464,0.5855,Extension
8,0.6481,0.8348,Extension
9,0.7312,0.7683,Extension
10,0.6129,0.6588,Extension
11,0.5054,0.5865,Extension
12,0.4848,0.5318,Extension
13,0.4868,0.5298,Extension
14,0.5161,0.5963,Extension
15,0.5494,0.6452,Extension
16,0.5298,0.607,Extension
17,0.4927,0.5474,Extension
18,0.4565,0.4995,Extension
19,0.4418,0.4741,Extension
-,-,-,-
0,0.4927,0.5513,Extension
1,0.5611,0.6569,Extension
2,0.566,0.6588,Extension
3,0.5406,0.6158,Extension
4,0.479,0.5191,Extension
5,0.4252,0.434,Extension
6,0.4927,0.5298,Extension
7,0.5425,0.6764,Extension
8,0.6364,0.7918,Extension
9,0.6843,0.8055,Extension
10,0.564,0.6637,Extension
11,0.4506,0.4751,Extension
12,0.433,0.4575,Extension
13,0.4712,0.5132,Extension
14,0.5298,0.5943,Extension
15,0.5953,0.7028,Extension
16,0.5699,0.6706,Extension
17,0.4878,0.5464,Extension
18,0.4506,0.5005,Extension
19,0.4614,0.5044,Extension
-,-,-,-
0,0.4995,0.5543,Extension
1,0.5552,0.6422,Extension
2,0.5513,0.6305,Extension
3,0.5171,0.5787,Extension
4,0.5122,0.607,Extension
5,0.4946,0.5758,Extension
6,0.5738,0.7146,Extension
7,0.608,0.7439,Extension
8,0.5601,0.653,Extension
9,0.5249,0.5934,Extension
10,0.52,0.5855,Extension
11,0.4956,0.5591,Extension
12,0.5103,0.5689,Extension
13,0.5259,0.6002,Extension
14,0.5044,0.5582,Extension
15,0.4848,0.5327,Extension
16,0.4985,0.5572,Extension
17,0.5005,0.563,Extension
18,0.5171,0.5787,Extension
19,0.5318,0.607,Extension
-,-,-,-
0,0.52,0.5738,Extension
1,0.5132,0.653,Extension
2,0.6051,0.7224,Extension
3,0.6491,0.6804,Extension
4,0.5738,0.653,Extension
5,0.5474,0.6422,Extension
6,0.5337,0.5992,Extension
7,0.4995,0.5474,Extension
8,0.5024,0.5543,Extension
9,0.4907,0.5455,Extension
10,0.4917,0.5464,Extension
11,0.5337,0.6109,Extension
12,0.5308,0.6041,Extension
13,0.5132,0.5767,Extension
14,0.5122,0.5777,Extension
15,0.4819,0.5337,Extension
16,0.477,0.5259,Extension
17,0.5083,0.5709,Extension
18,0.5152,0.5797,Extension
19,0.5269,0.5816,Extension
-,-,-,-
0,0.564,0.6295,Extension
1,0.5826,0.6266,Extension
2,0.5142,0.5914,Extension
3,0.5034,0.5797,Extension
4,0.5064,0.5591,Extension
5,0.5093,0.5679,Extension
6,0.5347,0.6178,Extension
7,0.5357,0.6061,Extension
8,0.5171,0.5865,Extension
9,0.5093,0.5855,Extension
10,0.48,0.5288,Extension
11,0.4712,0.5132,Extension
12,0.5152,0.5924,Extension
13,0.5435,0.6276,Extension
14,0.5543,0.6481,Extension
15,0.5562,0.653,Extension
16,0.4985,0.5611,Extension
17,0.4457,0.4741,Extension
18,0.4741,0.5279,Extension
19,0.5142,0.5914,Extension
-,-,-,-
0,0.567,0.6716,Extension
1,0.5943,0.7067,Extension
2,0.5474,0.6315,Extension
3,0.4633,0.4966,Extension
4,0.4418,0.4682,Extension
5,0.477,0.5259,Extension
6,0.5337,0.5973,Extension
7,0.6129,0.7087,Extension
8,0.6696,0.8025,Extension
9,0.6334,0.7067,Extension
10,0.4682,0.5494,Extension
11,0.4457,0.4751,Extension
12,0.4643,0.5073,Extension
13,0.5347,0.609,Extension
14,0.5709,0.6588,Extension
15,0.5357,0.6041,Extension
16,0.48,0.5347,Extension
17,0.4614,0.4995,Extension
18,0.4555,0.4907,Extension
19,0.5054,0.5621,Extension
-,-,-,-
0,0.5591,0.651,Extension
1,0.5415,0.6178,Extension
2,0.5103,0.5738,Extension
3,0.4858,0.5425,Extension
4,0.4721,0.5122,Extension
5,0.5044,0.5415,Extension
6,0.5503,0.6149,Extension
7,0.6119,0.6804,Extension
8,0.5689,0.7546,Extension
9,0.5308,0.6285,Extension
10,0.5083,0.5816,Extension
11,0.522,0.5816,Extension
12,0.5259,0.5885,Extension
13,0.4946,0.5445,Extension
14,0.4809,0.521,Extension
15,0.4976,0.5503,Extension
16,0.5034,0.5484,Extension
17,0.5259,0.5894,Extension
18,0.5347,0.6012,Extension
19,0.5073,0.5621,Extension
-,-,-,-
0,0.4809,0.5152,Extension
1,0.4917,0.5406,Extension
2,0.4858,0.521,Extension
3,0.5142,0.5738,Extension
4,0.5318,0.6041,Extension
5,0.521,0.567,Extension
6,0.5112,0.5513,Extension
7,0.5347,0.6696,Extension
8,0.6051,0.7498,Extension
9,0.5601,0.654,Extension
10,0.5533,0.6207,Extension
11,0.5298,0.609,Extension
12,0.5083,0.5748,Extension
13,0.5073,0.5611,Extension
14,0.4858,0.5298,Extension
15,0.4848,0.5191,Extension
16,0.5132,0.5738,Extension
17,0.52,0.5904,Extension
18,0.5073,0.5689,Extension
19,0.5191,0.5885,Extension
-,-,-,-
0,0.4946,0.5543,Extension
1,0.4721,0.5132,Extension
2,0.4936,0.5415,Extension
3,0.5044,0.5572,Extension
4,0.5093,0.5611,Extension
5,0.522,0.5894,Extension
6,0.5425,0.6188,Extension
7,0.522,0.6061,Extension
8,0.5572,0.6725,Extension
9,0.5445,0.65,Extension
10,0.4839,0.5494,Extension
11,0.5249,0.5787,Extension
12,0.5621,0.651,Extension
13,0.5484,0.6315,Extension
14,0.5249,0.5924,Extension
15,0.4839,0.5367,Extension
16,0.4506,0.477,Extension
17,0.4731,0.52,Extension
18,0.5464,0.6305,Extension
19,0.5748,0.6852,Extension
-,-,-,-
0,0.5552,0.6452,Extension
1,0.5181,0.5816,Extension
2,0.4448,0.4761,Extension
3,0.4311,0.4477,Extension
4,0.4976,0.5386,Extension
5,0.5503,0.6344,Extension
6,0.6588,0.8426,Extension
7,0.6706,0.828,Extension
8,0.607,0.7204,Extension
9,0.4545,0.4809,Extension
10,0.4604,0.5044,Extension
11,0.5142,0.5679,Extension
12,0.5709,0.6725,Extension
13,0.5924,0.7058,Extension
14,0.5396,0.6217,Extension
15,0.4936,0.5455,Extension
16,0.4888,0.5513,Extension
17,0.5122,0.5777,Extension
18,0.5816,0.6872,Extension
19,0.6344,0.7674,Extension
-,-,-,-
0,0.6061,0.7195,Extension
1,0.5425,0.6413,Extension
2,0.5318,0.6119,Extension
3,0.5494,0.6344,Extension
4,0.563,0.652,Extension
5,0.5894,0.696,Extension
6,0.5787,0.6921,Extension
7,0.6393,0.825,Extension
8,0.6882,0.7937,Extension
9,0.6334,0.7595,Extension
10,0.5894,0.7067,Extension
11,0.5924,0.7087,Extension
12,0.5797,0.6764,Extension
13,0.5513,0.6325,Extension
14,0.567,0.6598,Extension
15,0.5885,0.695,Extension
16,0.5894,0.6901,Extension
17,0.5865,0.6999,Extension
18,0.5767,0.6852,Extension
19,0.5279,0.6041,Extension
-,-,-,-
0,0.5484,0.6295,Extension
1,0.5689,0.6706,Extension
2,0.5738,0.6735,Extension
3,0.5924,0.7136,Extension
4,0.5924,0.7028,Extension
5,0.5484,0.6305,Extension
6,0.5533,0.6413,Extension
7,0.6285,0.7146,Extension
8,0.6686,0.8964,Extension
9,0.7664,0.9629,Extension
10,0.6549,0.8495,Extension
11,0.5924,0.7214,Extension
12,0.5621,0.654,Extension
13,0.567,0.6676,Extension
14,0.5513,0.6442,Extension
15,0.5709,0.6764,Extension
16,0.6031,0.7253,Extension
17,0.5934,0.7077,Extension
18,0.5728,0.6764,Extension
19,0.5767,0.6911,Extension
-,-,-,-
0,0.5523,0.6452,Extension
1,0.5552,0.651,Extension
2,0.5875,0.7028,Extension
3,0.5787,0.6852,Extension
4,0.5767,0.6823,Extension
5,0.6012,0.7351,Extension
6,0.5816,0.6823,Extension
7,0.5484,0.6549,Extension
8,0.5982,0.7605,Extension
9,0.6549,0.7977,Extension
10,0.6178,0.7693,Extension
11,0.6491,0.7928,Extension
12,0.6422,0.7752,Extension
13,0.563,0.6686,Extension
14,0.5122,0.5718,Extension
15,0.5191,0.5973,Extension
16,0.5503,0.6471,Extension
17,0.6295,0.7517,Extension
18,0.6608,0.8162,Extension
19,0.608,0.7458,Extension
-,-,-,-
0,0.5318,0.607,Extension
1,0.5005,0.567,Extension
2,0.4966,0.5591,Extension
3,0.5533,0.6549,Extension
4,0.6559,0.8113,Extension
5,0.6579,0.8143,Extension
6,0.608,0.7468,Extension
7,0.5963,0.6588,Extension
8,0.5758,0.7263,Extension
9,0.5386,0.6618,Extension
10,0.6256,0.7615,Extension
11,0.6628,0.8113,Extension
12,0.6432,0.7859,Extension
13,0.5934,0.7312,Extension
14,0.521,0.6061,Extension
15,0.5034,0.567,Extension
16,0.5709,0.6764,Extension
17,0.609,0.7273,Extension
18,0.6168,0.7625,Extension
19,0.5982,0.7214,Extension
-,-,-,-
0,0.5494,0.6491,Extension
1,0.5327,0.6139,Extension
2,0.5543,0.6491,Extension
3,0.6022,0.7224,Extension
4,0.5787,0.6872,Extension
5,0.5738,0.6794,Extension
6,0.5689,0.6696,Extension
7,0.5699,0.6745,Extension
8,0.652,0.7439,Extension
9,0.6588,0.8172,Extension
10,0.5885,0.6774,Extension
11,0.5543,0.6334,Extension
12,0.5797,0.6725,Extension
13,0.5855,0.6784,Extension
14,0.5875,0.7009,Extension
15,0.6246,0.7586,Extension
16,0.5963,0.7155,Extension
17,0.5562,0.65,Extension
18,0.565,0.6735,Extension
19,0.5728,0.6764,Extension
-,-,-,-
0,0.5855,0.7019,Extension
1,0.6207,0.7517,Extension
2,0.6129,0.74,Extension
3,0.5758,0.6823,Extension
4,0.5689,0.6559,Extension
5,0.5767,0.6813,Extension
6,0.566,0.6676,Extension
7,0.6325,0.7351,Extension
8,0.7498,1,Extension
9,0.6804,0.9042,Extension
10,0.5982,0.7419,Extension
11,0.5924,0.7155,Extension
12,0.5679,0.6735,Extension
13,0.5728,0.6784,Extension
14,0.6197,0.7605,Extension
15,0.6061,0.7283,Extension
16,0.5914,0.7146,Extension
17,0.5982,0.7312,Extension
18,0.565,0.6676,Extension
19,0.5591,0.6598,Extension
-,-,-,-
0,0.5826,0.695,Extension
1,0.5963,0.7204,Extension
2,0.6002,0.7292,Extension
3,0.6178,0.7507,Extension
4,0.5963,0.7097,Extension
5,0.5562,0.6491,Extension
6,0.5455,0.6354,Extension
7,0.5455,0.6413,Extension
8,0.5689,0.6735,Extension
9,0.6022,0.7224,Extension
10,0.6315,0.7361,Extension
11,0.6149,0.7713,Extension
12,0.5728,0.7703,Extension
13,0.5611,0.6569,Extension
14,0.5562,0.694,Extension
15,0.6022,0.7312,Extension
16,0.6549,0.7996,Extension
17,0.6315,0.7595,Extension
18,0.5562,0.6559,Extension
19,0.5083,0.564,Extension
-,-,-,-
0,0.4761,0.5132,Extension
1,0.5083,0.566,Extension
2,0.5924,0.695,Extension
3,0.6334,0.7605,Extension
4,0.6041,0.7058,Extension
5,0.5396,0.6266,Extension
6,0.4712,0.5103,Extension
7,0.477,0.5073,Extension
8,0.5415,0.6207,Extension
9,0.6168,0.7664,Extension
10,0.7507,0.955,Extension
11,0.7322,0.9091,Extension
12,0.5728,0.6315,Extension
13,0.48,0.5327,Extension
14,0.5132,0.5836,Extension
15,0.5748,0.6862,Extension
16,0.5963,0.7077,Extension
17,0.5973,0.7263,Extension
18,0.5543,0.652,Extension
19,0.5122,0.5777,Extension
-,-,-,-
0,0.5064,0.5738,Extension
1,0.5376,0.6217,Extension
2,0.5337,0.61,Extension
3,0.522,0.5855,Extension
4,0.5269,0.5973,Extension
5,0.5034,0.5611,Extension
6,0.5122,0.5787,Extension
7,0.5494,0.6149,Extension
8,0.5738,0.6559,Extension
9,0.6579,0.694,Extension
10,0.5425,0.6598,Extension
11,0.5347,0.609,Extension
12,0.5337,0.609,Extension
13,0.5572,0.6246,Extension
14,0.5474,0.607,Extension
15,0.478,0.5054,Extension
16,0.4389,0.4663,Extension
17,0.4633,0.4624,Extension
18,0.4233,0.4594,Extension
19,0.4477,0.4682,Extension
-,-,-,-
0,0.4418,0.4751,Extension
1,0.4125,0.4497,Extension
2,0.4018,0.4203,Extension
3,0.4203,0.4438,Extension
4,0.4125,0.434,Extension
5,0.4106,0.4223,Extension
6,0.4272,0.4545,Extension
7,0.4213,0.4399,Extension
8,0.4066,0.4213,Extension
9,0.4262,0.437,Extension
10,0.4242,0.4066,Extension
11,0.4184,0.4154,Extension
12,0.4457,0.4673,Extension
13,0.436,0.4575,Extension
14,0.4145,0.4203,Extension
15,0.4057,0.4076,Extension
16,0.391,0.392,Extension
17,0.3871,0.3871,Extension
18,0.3998,0.4066,Extension
19,0.4194,0.4399,Extension
-,-,-,-
0,0.4262,0.4438,Extension
1,0.4477,0.4809,Extension
2,0.4438,0.4731,Extension
3,0.4154,0.4252,Extension
4,0.4086,0.4252,Extension
5,0.4008,0.4086,Extension
6,0.4037,0.4076,Extension
7,0.437,0.4751,Extension
8,0.4624,0.5083,Extension
9,0.4536,0.48,Extension
10,0.4702,0.435,Extension
11,0.4565,0.5533,Extension
12,0.4673,0.4399,Extension
13,0.4184,0.434,Extension
14,0.4682,0.5181,Extension
15,0.4731,0.5259,Extension
16,0.4545,0.4956,Extension
17,0.4145,0.4311,Extension
18,0.3715,0.3519,Extension
19,0.3783,0.3656,Extension
-,-,-,-
0,0.436,0.4663,Extension
1,0.4663,0.5083,Extension
2,0.478,0.5298,Extension
3,0.4526,0.4946,Extension
4,0.3891,0.392,Extension
5,0.3597,0.3372,Extension
6,0.3949,0.391,Extension
7,0.4379,0.4682,Extension
8,0.4721,0.5171,Extension
9,0.4819,0.5327,Extension
10,0.4086,0.4438,Extension
11,0.3861,0.3744,Extension
12,0.4076,0.3998,Extension
13,0.4418,0.4663,Extension
14,0.4878,0.5171,Extension
15,0.479,0.5445,Extension
16,0.4751,0.4976,Extension
17,0.4076,0.4057,Extension
18,0.4008,0.4076,Extension
19,0.4223,0.4321,Extension
-,-,-,-
0,0.4242,0.436,Extension
1,0.436,0.4536,Extension
2,0.4379,0.4594,Extension
3,0.4194,0.434,Extension
4,0.4223,0.4389,Extension
5,0.4321,0.4536,Extension
6,0.4291,0.4457,Extension
7,0.4203,0.4291,Extension
8,0.4301,0.4565,Extension
9,0.4809,0.436,Extension
10,0.5288,0.6276,Extension
11,0.566,0.6735,Extension
12,0.4907,0.5054,Extension
13,0.4438,0.4575,Extension
14,0.4409,0.4575,Extension
15,0.4135,0.4213,Extension
16,0.4174,0.4272,Extension
17,0.4438,0.4721,Extension
18,0.4457,0.477,Extension
19,0.435,0.4545,Extension
-,-,-,-
0,0.4516,0.4848,Extension
1,0.4233,0.437,Extension
2,0.4086,0.4154,Extension
3,0.4252,0.4428,Extension
4,0.433,0.4536,Extension
5,0.4418,0.4653,Extension
6,0.4487,0.4819,Extension
7,0.434,0.4614,Extension
8,0.4301,0.5415,Extension
9,0.4897,0.5709,Extension
10,0.4594,0.5005,Extension
11,0.4418,0.4575,Extension
12,0.4497,0.4751,Extension
13,0.4516,0.4731,Extension
14,0.4262,0.436,Extension
15,0.4145,0.4282,Extension
16,0.4213,0.433,Extension
17,0.4223,0.437,Extension
18,0.435,0.4604,Extension
19,0.4585,0.4848,Extension
-,-,-,-
0,0.4516,0.4839,Extension
1,0.436,0.4487,Extension
2,0.433,0.4467,Extension
3,0.4047,0.4076,Extension
4,0.4086,0.4037,Extension
5,0.4487,0.4702,Extension
6,0.4751,0.4888,Extension
7,0.5367,0.5836,Extension
8,0.6168,0.74,Extension
9,0.4526,0.4712,Extension
10,0.39,0.3812,Extension
11,0.4164,0.4194,Extension
12,0.436,0.4467,Extension
13,0.48,0.5249,Extension
14,0.5073,0.563,Extension
15,0.4555,0.479,Extension
16,0.39,0.3763,Extension
17,0.392,0.3793,Extension
18,0.4106,0.4047,Extension
19,0.4526,0.4888,Extension
-,-,-,-
0,0.4985,0.5552,Extension
1,0.4819,0.5327,Extension
2,0.4203,0.4282,Extension
3,0.3871,0.3763,Extension
4,0.3803,0.3705,Extension
5,0.4106,0.4115,Extension
6,0.477,0.4985,Extension
7,0.5269,0.6168,Extension
8,0.4917,0.6256,Extension
9,0.4604,0.4897,Extension
10,0.4027,0.4086,Extension
11,0.3978,0.3871,Extension
12,0.4477,0.4614,Extension
13,0.4868,0.5337,Extension
14,0.4624,0.4878,Extension
15,0.434,0.4497,Extension
16,0.4184,0.434,Extension
17,0.4203,0.4321,Extension
18,0.4272,0.436,Extension
19,0.4594,0.4907,Extension
-,-,-,-
0,0.4477,0.4663,Extension
1,0.435,0.4487,Extension
2,0.4399,0.4682,Extension
3,0.4379,0.4575,Extension
4,0.4516,0.4956,Extension
5,0.4682,0.5191,Extension
6,0.5259,0.5982,Extension
7,0.5875,0.6061,Extension
8,0.4721,0.5357,Extension
9,0.4506,0.4966,Extension
10,0.4526,0.4858,Extension
11,0.4673,0.5034,Extension
12,0.4487,0.4663,Extension
13,0.4194,0.4233,Extension
14,0.434,0.4516,Extension
15,0.437,0.4555,Extension
16,0.4389,0.4653,Extension
17,0.4673,0.5044,Extension
18,0.4526,0.477,Extension
19,0.4242,0.434,Extension
-,-,-,-
0,0.4262,0.4301,Extension
1,0.4262,0.4242,Extension
2,0.4311,0.4389,Extension
3,0.4633,0.4868,Extension
4,0.4506,0.4741,Extension
5,0.4291,0.4545,Extension
6,0.4223,0.4321,Extension
7,0.4409,0.433,Extension
8,0.4516,0.5044,Extension
9,0.6383,0.8133,Extension
10,0.5308,0.5738,Extension
11,0.4438,0.4868,Extension
12,0.4096,0.4037,Extension
13,0.3959,0.3812,Extension
14,0.3744,0.3392,Extension
15,0.3851,0.3539,Extension
16,0.4252,0.4321,Extension
17,0.4272,0.4487,Extension
18,0.4418,0.4682,Extension
19,0.4536,0.4878,Extension
-,-,-,-
0,0.4194,0.4311,Extension
1,0.3988,0.4115,Extension
2,0.4145,0.4223,Extension
3,0.4154,0.4223,Extension
4,0.437,0.4692,Extension
5,0.477,0.5503,Extension
6,0.478,0.5562,Extension
7,0.5503,0.5591,Extension
8,0.5953,0.7273,Extension
9,0.4946,0.5904,Extension
10,0.4418,0.4819,Extension
11,0.4888,0.5562,Extension
12,0.5152,0.6012,Extension
13,0.4663,0.5024,Extension
14,0.4282,0.4321,Extension
15,0.391,0.3832,Extension
16,0.3793,0.3646,Extension
17,0.4301,0.4506,Extension
18,0.4829,0.5269,Extension
19,0.4809,0.522,Extension
-,-,-,-
0,0.4428,0.4526,Extension
1,0.4008,0.393,Extension
2,0.3754,0.3363,Extension
3,0.4018,0.4008,Extension
4,0.5024,0.7116,Extension
5,0.5826,0.739,Extension
6,0.5982,0.8368,Extension
7,0.4555,0.5132,Extension
8,0.3881,0.3891,Extension
9,0.3851,0.3744,Extension
10,0.4321,0.4516,Extension
11,0.4516,0.4839,Extension
12,0.4702,0.5073,Extension
13,0.4526,0.4868,Extension
14,0.4096,0.4135,Extension
15,0.4008,0.4066,Extension
16,0.4311,0.4575,Extension
17,0.4399,0.4604,Extension
18,0.4321,0.4506,Extension
19,0.437,0.4653,Extension
-,-,-,-
0,0.4223,0.437,Extension
1,0.4145,0.4282,Extension
2,0.4448,0.4712,Extension
3,0.4282,0.4526,Extension
4,0.4174,0.4321,Extension
5,0.4262,0.4633,Extension
6,0.4213,0.4389,Extension
7,0.5024,0.6061,Extension
8,0.563,0.6804,Extension
9,0.6774,0.7058,Extension
10,0.4594,0.5083,Extension
11,0.4565,0.4839,Extension
12,0.4272,0.4526,Extension
13,0.4223,0.4428,Extension
14,0.4526,0.4897,Extension
15,0.4604,0.5044,Extension
16,0.4457,0.478,Extension
17,0.4438,0.4702,Extension
18,0.4272,0.4467,Extension
19,0.4164,0.4321,Extension
-,-,-,-
0,0.4252,0.4438,Extension
1,0.4477,0.478,Extension
2,0.4477,0.4741,Extension
3,0.4545,0.4888,Extension
4,0.437,0.4712,Extension
5,0.4115,0.4203,Extension
6,0.4252,0.4174,Extension
7,0.4565,0.4985,Extension
8,0.6139,0.6334,Extension
9,0.5562,0.7224,Extension
10,0.4936,0.5122,Extension
11,0.4418,0.4545,Extension
12,0.4233,0.4252,Extension
13,0.433,0.4594,Extension
14,0.4291,0.4506,Extension
15,0.4438,0.478,Extension
16,0.478,0.5249,Extension
17,0.4633,0.5034,Extension
18,0.4457,0.4741,Extension
19,0.4467,0.478,Extension
-,-,-,-
0,0.4125,0.4291,Extension
1,0.4096,0.4164,Extension
2,0.4467,0.478,Extension
3,0.4653,0.4946,Extension
4,0.4692,0.5152,Extension
5,0.4721,0.5054,Extension
6,0.4115,0.4252,Extension
7,0.4497,0.4809,Extension
8,0.5885,0.6676,Extension
9,0.5875,0.6745,Extension
10,0.5152,0.5806,Extension
11,0.5142,0.5621,Extension
12,0.4516,0.4809,Extension
13,0.39,0.3861,Extension
14,0.3832,0.3803,Extension
15,0.4135,0.436,Extension
16,0.4673,0.5093,Extension
17,0.5044,0.5689,Extension
18,0.4966,0.5591,Extension
19,0.4252,0.4467,Extension
-,-,-,-
0,0.3803,0.3695,Extension
1,0.3939,0.4037,Extension
2,0.4203,0.4399,Extension
3,0.4839,0.5376,Extension
4,0.5132,0.5748,Extension
5,0.4868,0.5152,Extension
6,0.4487,0.567,Extension
7,0.4741,0.5963,Extension
8,0.4653,0.5406,Extension
9,0.4751,0.5259,Extension
10,0.5024,0.5689,Extension
11,0.4751,0.5171,Extension
12,0.4555,0.4751,Extension
13,0.4301,0.4585,Extension
14,0.4213,0.4418,Extension
15,0.433,0.4545,Extension
16,0.4614,0.5005,Extension
17,0.4526,0.4888,Extension
18,0.437,0.4721,Extension
19,0.436,0.4702,Extension
-,-,-,-
0,0.4545,0.4985,Extension
1,0.4467,0.477,Extension
2,0.4428,0.4643,Extension
3,0.4565,0.4751,Extension
4,0.4272,0.436,Extension
5,0.4438,0.4633,Extension
6,0.4633,0.5406,Extension
7,0.522,0.6002,Extension
8,0.565,0.6178,Extension
9,0.5064,0.5376,Extension
10,0.4301,0.4457,Extension
11,0.434,0.4428,Extension
12,0.4545,0.4673,Extension
13,0.4575,0.479,Extension
14,0.4633,0.5015,Extension
15,0.4653,0.5112,Extension
16,0.437,0.4663,Extension
17,0.4223,0.4399,Extension
18,0.437,0.4594,Extension
19,0.4526,0.4829,Extension
-,-,-,-
0,0.4585,0.4966,Extension
1,0.4614,0.5015,Extension
2,0.4633,0.5015,Extension
3,0.4321,0.4379,Extension
4,0.4223,0.437,Extension
5,0.4389,0.4497,Extension
6,0.5191,0.5943,Extension
7,0.5875,0.6774,Extension
8,0.4995,0.5464,Extension
9,0.4487,0.4673,Extension
10,0.4311,0.4516,Extension
11,0.435,0.4594,Extension
12,0.435,0.4506,Extension
13,0.4487,0.4712,Extension
14,0.48,0.5269,Extension
15,0.4653,0.4995,Extension
16,0.4643,0.5005,Extension
17,0.4633,0.5034,Extension
18,0.4311,0.4477,Extension
19,0.4194,0.433,Extension
-,-,-,-
0,0.4575,0.4936,Extension
1,0.4663,0.5054,Extension
2,0.4917,0.5445,Extension
3,0.5005,0.565,Extension
4,0.4526,0.4809,Extension
5,0.3998,0.3998,Extension
6,0.4106,0.4233,Extension
7,0.435,0.4438,Extension
8,0.477,0.521,Extension
9,0.523,0.5855,Extension
10,0.5777,0.6618,Extension
11,0.5259,0.5738,Extension
12,0.4106,0.4213,Extension
13,0.4135,0.4321,Extension
14,0.4506,0.4907,Extension
15,0.5103,0.566,Extension
16,0.5376,0.6119,Extension
17,0.4761,0.5327,Extension
18,0.4213,0.4301,Extension
19,0.3891,0.4037,Extension
-,-,-,-
0,0.4027,0.4115,Extension
1,0.4604,0.4966,Extension
2,0.5191,0.5797,Extension
3,0.5005,0.5572,Extension
4,0.4438,0.4731,Extension
5,0.4194,0.4242,Extension
6,0.4702,0.4477,Extension
7,0.5464,0.5445,Extension
8,0.5152,0.5679,Extension
9,0.5054,0.5543,Extension
10,0.4565,0.4878,Extension
11,0.4448,0.4653,Extension
12,0.4242,0.435,Extension
13,0.4272,0.434,Extension
14,0.4448,0.4614,Extension
15,0.4604,0.4946,Extension
16,0.4457,0.4614,Extension
17,0.4467,0.4604,Extension
18,0.4428,0.4692,Extension
19,0.4487,0.4721,Extension
-,-,-,-
0,0.4506,0.4731,Extension
1,0.4624,0.5044,Extension
2,0.4418,0.4673,Extension
3,0.4262,0.4399,Extension
4,0.4487,0.4809,Extension
5,0.52,0.61,Extension
6,0.5367,0.7781,Extension
7,0.523,0.6197,Extension
8,0.4389,0.5005,Extension
9,0.4203,0.434,Extension
10,0.436,0.4477,Extension
11,0.4614,0.4956,Extension
12,0.4604,0.4936,Extension
13,0.4633,0.4917,Extension
14,0.4624,0.5005,Extension
15,0.435,0.4545,Extension
16,0.4233,0.433,Extension
17,0.4428,0.4633,Extension
18,0.4457,0.4751,Extension
19,0.4526,0.4829,Extension
-,-,-,-
0,0.4604,0.4917,Extension
1,0.4409,0.4721,Extension
2,0.4418,0.4477,Extension
3,0.4604,0.5024,Extension
4,0.5239,0.6706,Extension
5,0.5591,0.6061,Extension
6,0.4839,0.5376,Extension
7,0.4721,0.5122,Extension
8,0.4428,0.4663,Extension
9,0.4252,0.4389,Extension
10,0.4399,0.4721,Extension
11,0.4379,0.4594,Extension
12,0.4477,0.4712,Extension
13,0.4712,0.5112,Extension
14,0.4565,0.4956,Extension
15,0.4487,0.4712,Extension
16,0.434,0.4555,Extension
17,0.4194,0.4321,Extension
18,0.4145,0.4174,Extension
19,0.4477,0.4741,Extension
-,-,-,-
0,0.4751,0.5367,Extension
1,0.48,0.5386,Extension
2,0.4946,0.5249,Extension
3,0.4653,0.5132,Extension
4,0.4536,0.4888,Extension
5,0.4839,0.5787,Extension
6,0.4888,0.5728,Extension
7,0.5073,0.5826,Extension
8,0.4956,0.5679,Extension
9,0.4878,0.5288,Extension
10,0.4086,0.4194,Extension
11,0.3724,0.3558,Extension
12,0.4125,0.4252,Extension
13,0.4682,0.5083,Extension
14,0.4995,0.5621,Extension
15,0.4995,0.5718,Extension
16,0.4536,0.4917,Extension
17,0.3881,0.3812,Extension
18,0.3812,0.3744,Extension
19,0.4282,0.4565,Extension
-,-,-,-
0,0.477,0.5249,Extension
1,0.5161,0.5777,Extension
2,0.4868,0.5435,Extension
3,0.434,0.4497,Extension
4,0.3998,0.3959,Extension
5,0.4154,0.436,Extension
6,0.4536,0.4829,Extension
7,0.48,0.523,Extension
8,0.5376,0.5767,Extension
9,0.6354,0.7703,Extension
10,0.6813,0.8035,Extension
11,0.4839,0.5337,Extension
12,0.4555,0.4888,Extension
13,0.4487,0.4751,Extension
14,0.4585,0.4829,Extension
15,0.4526,0.4809,Extension
16,0.435,0.4565,Extension
17,0.4467,0.4761,Extension
18,0.4633,0.5073,Extension
19,0.4487,0.477,Extension
-,-,-,-
0,0.4438,0.4604,Extension
1,0.4457,0.4692,Extension
2,0.4311,0.4545,Extension
3,0.4467,0.4751,Extension
4,0.4673,0.5083,Extension
5,0.4633,0.5034,Extension
6,0.4389,0.4673,Extension
7,0.4282,0.4604,Extension
8,0.4233,0.4506,Extension
9,0.4487,0.4888,Extension
10,0.5816,0.7097,Extension
11,0.5767,0.7879,Extension
12,0.5044,0.5269,Extension
13,0.4624,0.4858,Extension
14,0.4516,0.478,Extension
15,0.4409,0.4702,Extension
16,0.4653,0.4956,Extension
17,0.4761,0.5249,Extension
18,0.4673,0.5083,Extension
19,0.4653,0.4985,Extension
-,-,-,-
0,0.4614,0.4917,Extension
1,0.4262,0.4457,Extension
2,0.4242,0.436,Extension
3,0.4545,0.4858,Extension
4,0.4624,0.4966,Extension
5,0.4643,0.4917,Extension
6,0.4673,0.5034,Extension
7,0.4457,0.4761,Extension
8,0.4585,0.4643,Extension
9,0.5406,0.5406,Extension
10,0.5562,0.6334,Extension
11,0.4751,0.5406,Extension
12,0.4868,0.521,Extension
13,0.4761,0.5142,Extension
14,0.4565,0.48,Extension
15,0.4477,0.4673,Extension
16,0.4389,0.4497,Extension
17,0.4321,0.4379,Extension
18,0.4585,0.4848,Extension
19,0.4907,0.5503,Extension
-,-,-,-
0,0.4829,0.5318,Extension
1,0.4614,0.4936,Extension
2,0.4448,0.4692,Extension
3,0.4066,0.4047,Extension
4,0.4213,0.4242,Extension
5,0.4653,0.5357,Extension
6,0.5327,0.6285,Extension
7,0.6139,0.825,Extension
8,0.6168,0.824,Extension
9,0.4594,0.4936,Extension
10,0.3891,0.3891,Extension
11,0.4282,0.4399,Extension
12,0.4702,0.5152,Extension
13,0.5161,0.5806,Extension
14,0.5181,0.5836,Extension
15,0.4614,0.4976,Extension
16,0.4008,0.3988,Extension
17,0.393,0.3822,Extension
18,0.4487,0.4809,Extension
19,0.4917,0.5376,Extension
-,-,-,-
0,0.5112,0.567,Extension
1,0.4995,0.5494,Extension
2,0.4409,0.4721,Extension
3,0.4194,0.4252,Extension
4,0.4673,0.4614,Extension
5,0.5132,0.5367,Extension
6,0.564,0.6735,Extension
7,0.5513,0.6325,Extension
8,0.4653,0.5142,Extension
9,0.436,0.4526,Extension
10,0.4467,0.4712,Extension
11,0.4594,0.4829,Extension
12,0.4594,0.478,Extension
13,0.4682,0.4985,Extension
14,0.4673,0.5024,Extension
15,0.4467,0.479,Extension
16,0.4565,0.4897,Extension
17,0.4721,0.5112,Extension
18,0.4633,0.4839,Extension
19,0.4418,0.4731,Extension
-,-,-,-
0,0.4585,0.4888,Extension
1,0.4418,0.4741,Extension
2,0.4673,0.5015,Extension
3,0.4839,0.5415,Extension
4,0.4976,0.5435,Extension
5,0.566,0.8006,Extension
6,0.5337,0.7204,Extension
7,0.4829,0.5181,Extension
8,0.4604,0.4966,Extension
9,0.4829,0.5269,Extension
10,0.4819,0.523,Extension
11,0.4633,0.4966,Extension
12,0.4604,0.4976,Extension
13,0.4506,0.4741,Extension
14,0.4321,0.4457,Extension
15,0.4614,0.4956,Extension
16,0.4653,0.5034,Extension
17,0.4633,0.4985,Extension
18,0.4624,0.4907,Extension
19,0.4457,0.477,Extension
-,-,-,-
0,0.4301,0.4477,Extension
1,0.4311,0.4506,Extension
2,0.4575,0.4888,Extension
3,0.4692,0.5083,Extension
4,0.477,0.5191,Extension
5,0.5239,0.5914,Extension
6,0.5728,0.6315,Extension
7,0.5161,0.5963,Extension
8,0.4917,0.52,Extension
9,0.4585,0.4858,Extension
10,0.4526,0.479,Extension
11,0.4858,0.5327,Extension
12,0.478,0.522,Extension
13,0.4497,0.48,Extension
14,0.4545,0.4848,Extension
15,0.434,0.4506,Extension
16,0.4321,0.4379,Extension
17,0.4731,0.5122,Extension
18,0.4946,0.5513,Extension
19,0.4868,0.5406,Extension
-,-,-,-
0,0.4624,0.4917,Extension
1,0.434,0.4457,Extension
2,0.4076,0.4047,Extension
3,0.4145,0.4448,Extension
4,0.5073,0.5855,Extension
5,0.6041,0.7791,Extension
6,0.6207,0.784,Extension
7,0.4878,0.5445,Extension
8,0.4125,0.4203,Extension
9,0.3978,0.393,Extension
10,0.4457,0.4809,Extension
11,0.4878,0.5455,Extension
12,0.522,0.5982,Extension
13,0.52,0.5797,Extension
14,0.4418,0.4761,Extension
15,0.391,0.3822,Extension
16,0.4096,0.4174,Extension
17,0.4497,0.4702,Extension
18,0.5005,0.563,Extension
19,0.5269,0.5924,Extension
-,-,-,-
0,0.4848,0.5396,Extension
1,0.4379,0.4467,Extension
2,0.4037,0.433,Extension
3,0.4526,0.4985,Extension
4,0.5914,0.7546,Extension
5,0.566,0.7087,Extension
6,0.5396,0.6109,Extension
7,0.4673,0.5288,Extension
8,0.4389,0.4604,Extension
9,0.4565,0.4829,Extension
10,0.4594,0.4897,Extension
11,0.4731,0.5024,Extension
12,0.4829,0.5288,Extension
13,0.4545,0.4858,Extension
14,0.4487,0.4819,Extension
15,0.4653,0.5054,Extension
16,0.4692,0.5112,Extension
17,0.4516,0.4819,Extension
18,0.4497,0.4858,Extension
19,0.4594,0.4956,Extension
-,-,-,-
0,0.4624,0.4829,Extension
1,0.4985,0.5171,Extension
2,0.5376,0.6452,Extension
3,0.5679,0.7322,Extension
4,0.5161,0.5562,Extension
5,0.4653,0.5054,Extension
6,0.4487,0.4653,Extension
7,0.4594,0.479,Extension
8,0.4897,0.5367,Extension
9,0.479,0.52,Extension
10,0.4633,0.4897,Extension
11,0.4653,0.5015,Extension
12,0.4457,0.4663,Extension
13,0.4448,0.4653,Extension
14,0.478,0.5171,Extension
15,0.4761,0.5191,Extension
16,0.4751,0.5083,Extension
17,0.4653,0.4936,Extension
18,0.4575,0.4888,Extension
19,0.4379,0.4585,Extension
-,-,-,-
0,0.4497,0.4751,Extension
1,0.4643,0.5034,Extension
2,0.4702,0.5015,Extension
3,0.48,0.5288,Extension
4,0.4721,0.5054,Extension
5,0.4448,0.4712,Extension
6,0.4526,0.4712,Extension
7,0.5386,0.6813,Extension
8,0.5875,0.7351,Extension
9,0.5181,0.5758,Extension
10,0.4956,0.564,Extension
11,0.48,0.522,Extension
12,0.4575,0.4966,Extension
13,0.4506,0.4751,Extension
14,0.4438,0.4604,Extension
15,0.4428,0.4653,Extension
16,0.4858,0.523,Extension
17,0.5044,0.5709,Extension
18,0.4848,0.5327,Extension
19,0.4721,0.5083,Extension
-,-,-,-
0,0.4252,0.4399,Extension
1,0.4037,0.3949,Extension
2,0.4379,0.4594,Extension
3,0.4946,0.5494,Extension
4,0.5103,0.5689,Extension
5,0.5044,0.5513,Extension
6,0.4585,0.4936,Extension
7,0.4565,0.5425,Extension
8,0.4682,0.4702,Extension
9,0.48,0.5181,Extension
10,0.5171,0.5689,Extension
11,0.5337,0.5914,Extension
12,0.5073,0.5591,Extension
13,0.435,0.4428,Extension
14,0.3891,0.3793,Extension
15,0.4203,0.4242,Extension
16,0.4761,0.5132,Extension
17,0.5112,0.5728,Extension
18,0.5298,0.5885,Extension
19,0.4858,0.5308,Extension
-,-,-,-
0,0.4233,0.436,Extension
1,0.4184,0.4242,Extension
2,0.4467,0.4682,Extension
3,0.48,0.5152,Extension
4,0.5064,0.5689,Extension
5,0.522,0.5601,Extension
6,0.5073,0.609,Extension
7,0.5034,0.5347,Extension
8,0.4741,0.5044,Extension
9,0.479,0.5239,Extension
10,0.4878,0.5161,Extension
11,0.4878,0.5191,Extension
12,0.4536,0.478,Extension
13,0.4536,0.4712,Extension
14,0.48,0.5122,Extension
15,0.4682,0.4985,Extension
16,0.4673,0.4868,Extension
17,0.4712,0.4966,Extension
18,0.4545,0.4721,Extension
19,0.4545,0.477,Extension
-,-,-,-
0,0.4731,0.5103,Extension
1,0.4829,0.5269,Extension
2,0.4633,0.4956,Extension
3,0.4594,0.4819,Extension
4,0.4506,0.4751,Extension
5,0.4428,0.477,Extension
6,0.5494,0.6256,Extension
7,0.6237,0.7263,Extension
8,0.5034,0.5797,Extension
9,0.4819,0.5269,Extension
10,0.4751,0.5122,Extension
11,0.4477,0.4663,Extension
12,0.4594,0.477,Extension
13,0.4731,0.5112,Extension
14,0.4839,0.5249,Extension
15,0.4868,0.5269,Extension
16,0.4907,0.5357,Extension
17,0.4604,0.4839,Extension
18,0.4418,0.4575,Extension
19,0.4585,0.4878,Extension
-,-,-,-
0,0.4751,0.5122,Extension
1,0.479,0.5152,Extension
2,0.4946,0.5455,Extension
3,0.4741,0.5054,Extension
4,0.4565,0.4712,Extension
5,0.478,0.4829,Extension
6,0.5474,0.5357,Extension
7,0.5797,0.6588,Extension
8,0.5181,0.5846,Extension
9,0.4956,0.5445,Extension
10,0.4829,0.5181,Extension
11,0.4702,0.5044,Extension
12,0.4555,0.477,Extension
13,0.4418,0.4516,Extension
14,0.4643,0.4878,Extension
15,0.4966,0.5513,Extension
16,0.5073,0.563,Extension
17,0.5054,0.5562,Extension
18,0.4751,0.5112,Extension
19,0.4282,0.4291,Extension
-,-,-,-
0,0.4184,0.4164,Extension
1,0.4673,0.5044,Extension
2,0.5064,0.567,Extension
3,0.5376,0.6012,Extension
4,0.5181,0.5718,Extension
5,0.5484,0.6188,Extension
6,0.5093,0.65,Extension
7,0.5367,0.5318,Extension
8,0.4839,0.5142,Extension
9,0.5269,0.5885,Extension
10,0.5464,0.6237,Extension
11,0.4917,0.5327,Extension
12,0.437,0.437,Extension
13,0.4184,0.4125,Extension
14,0.435,0.4477,Extension
15,0.4858,0.5269,Extension
16,0.5474,0.6207,Extension
17,0.5279,0.5904,Extension
18,0.4643,0.4858,Extension
19,0.4321,0.4428,Extension
-,-,-,-
0,0.4223,0.4301,Extension
1,0.4506,0.4653,Extension
2,0.5015,0.5415,Extension
3,0.5259,0.5601,Extension
4,0.6921,0.7195,Extension
5,0.5601,0.6901,Extension
6,0.4643,0.5073,Extension
7,0.4487,0.477,Extension
8,0.4702,0.5005,Extension
9,0.4927,0.5327,Extension
10,0.4663,0.4907,Extension
11,0.4604,0.4888,Extension
12,0.4633,0.4936,Extension
13,0.4653,0.4956,Extension
14,0.4721,0.5024,Extension
15,0.48,0.5152,Extension
16,0.4497,0.4663,Extension
17,0.4536,0.4741,Extension
18,0.4721,0.5093,Extension
19,0.4643,0.5083,Extension
-,-,-,-
0,0.4868,0.521,Extension
1,0.5005,0.5396,Extension
2,0.5357,0.5386,Extension
3,0.5709,0.6598,Extension
4,0.6344,0.6559,Extension
5,0.4956,0.5474,Extension
6,0.4966,0.5494,Extension
7,0.5044,0.5552,Extension
8,0.4702,0.4966,Extension
9,0.4624,0.4721,Extension
10,0.4653,0.4878,Extension
11,0.4565,0.48,Extension
12,0.4682,0.4966,Extension
13,0.4927,0.5259,Extension
14,0.4848,0.521,Extension
15,0.4731,0.4946,Extension
16,0.4682,0.4976,Extension
17,0.4477,0.4536,Extension
18,0.4477,0.4653,Extension
19,0.4731,0.5005,Extension
-,-,-,-
0,0.4829,0.522,Extension
1,0.4721,0.5034,Extension
2,0.4809,0.5161,Extension
3,0.4555,0.4829,Extension
4,0.4516,0.4839,Extension
5,0.4633,0.5406,Extension
6,0.652,0.8221,Extension
7,0.5767,0.7146,Extension
8,0.5122,0.5621,Extension
9,0.4976,0.5396,Extension
10,0.4614,0.4839,Extension
11,0.4555,0.4712,Extension
12,0.4516,0.4692,Extension
13,0.4526,0.4702,Extension
14,0.4995,0.5464,Extension
15,0.5181,0.5797,Extension
16,0.4907,0.5288,Extension
17,0.4721,0.4976,Extension
18,0.4282,0.4301,Extension
19,0.4135,0.4027,Extension
-,-,-,-
0,0.4673,0.4897,Extension
1,0.5073,0.567,Extension
2,0.522,0.5943,Extension
3,0.5024,0.5611,Extension
4,0.4487,0.4614,Extension
5,0.4467,0.4673,Extension
6,0.5288,0.7498,Extension
7,0.5679,0.7087,Extension
8,0.5494,0.6745,Extension
9,0.5543,0.6422,Extension
10,0.4956,0.5464,Extension
11,0.4311,0.4242,Extension
12,0.3978,0.3842,Extension
13,0.4428,0.4565,Extension
14,0.5015,0.5367,Extension
15,0.5337,0.5963,Extension
16,0.523,0.5846,Extension
17,0.4653,0.4897,Extension
18,0.4164,0.4154,Extension
19,0.4272,0.4428,Extension
-,-,-,-
0,0.4673,0.4976,Extension
1,0.4966,0.5376,Extension
2,0.5171,0.5806,Extension
3,0.479,0.5191,Extension
4,0.4389,0.4614,Extension
5,0.5679,0.6305,Extension
6,0.5562,0.6549,Extension
7,0.6276,0.781,Extension
8,0.6031,0.7107,Extension
9,0.4927,0.5337,Extension
10,0.4614,0.478,Extension
11,0.48,0.5083,Extension
12,0.4721,0.4995,Extension
13,0.4721,0.5024,Extension
14,0.4858,0.5142,Extension
15,0.4555,0.4682,Extension
16,0.4487,0.4545,Extension
17,0.4741,0.5024,Extension
18,0.479,0.5054,Extension
19,0.4829,0.5122,Extension
-,-,-,-
0,0.4917,0.5269,Extension
1,0.4526,0.4712,Extension
2,0.4457,0.4575,Extension
3,0.4643,0.4995,Extension
4,0.4721,0.5249,Extension
5,0.522,0.6031,Extension
6,0.5826,0.7302,Extension
7,0.7195,0.9589,Extension
8,0.6628,0.915,Extension
9,0.4966,0.5748,Extension
10,0.4712,0.52,Extension
11,0.48,0.52,Extension
12,0.5112,0.5533,Extension
13,0.5005,0.5396,Extension
14,0.4663,0.4858,Extension
15,0.4682,0.4897,Extension
16,0.4604,0.4829,Extension
17,0.4614,0.4819,Extension
18,0.4966,0.5337,Extension
19,0.4927,0.5308,Extension
-,-,-,-
0,0.4819,0.5161,Extension
1,0.4673,0.4946,Extension
2,0.4702,0.4917,Extension
3,0.4526,0.4712,Extension
4,0.4741,0.4946,Extension
5,0.5239,0.5621,Extension
6,0.7028,1,Extension
7,0.6794,0.9042,Extension
8,0.5464,0.6706,Extension
9,0.4585,0.5044,Extension
10,0.4448,0.4506,Extension
11,0.4614,0.4839,Extension
12,0.4761,0.4966,Extension
13,0.5112,0.5591,Extension
14,0.5347,0.5982,Extension
15,0.4927,0.5318,Extension
16,0.4545,0.4594,Extension
17,0.4516,0.4575,Extension
18,0.4506,0.4487,Extension
19,0.5015,0.5406,Extension
-,-,-,-
0,0.5552,0.6403,Extension
1,0.521,0.5894,Extension
2,0.4819,0.5318,Extension
3,0.434,0.4438,Extension
4,0.4066,0.392,Extension
5,0.4379,0.4487,Extension
6,0.566,0.5865,Extension
7,0.5934,0.7429,Extension
8,0.5963,0.7058,Extension
9,0.6109,0.694,Extension
10,0.4448,0.4829,Extension
11,0.4174,0.433,Extension
12,0.4819,0.5367,Extension
13,0.5279,0.5943,Extension
14,0.5455,0.6188,Extension
15,0.5337,0.5904,Extension
16,0.4624,0.479,Extension
17,0.4242,0.4203,Extension
18,0.4653,0.48,Extension
19,0.5064,0.5415,Extension
-,-,-,-
0,0.5171,0.5748,Extension
1,0.52,0.5738,Extension
2,0.4809,0.5249,Extension
3,0.4477,0.4614,Extension
4,0.4712,0.4946,Extension
5,0.5327,0.5865,Extension
6,0.6139,0.7517,Extension
7,0.6109,0.7732,Extension
8,0.5552,0.6246,Extension
9,0.478,0.5435,Extension
10,0.4839,0.5327,Extension
11,0.4985,0.5513,Extension
12,0.4829,0.5142,Extension
13,0.4809,0.5044,Extension
14,0.479,0.5122,Extension
15,0.4653,0.4927,Extension
16,0.4976,0.5386,Extension
17,0.5005,0.5572,Extension
18,0.4897,0.5318,Extension
19,0.4839,0.5044,Extension
-,-,-,-
0,0.4682,0.5073,Extension
1,0.4536,0.4741,Extension
2,0.5142,0.564,Extension
3,0.5455,0.6276,Extension
4,0.5171,0.697,Extension
5,0.5943,0.9511,Extension
6,0.5865,0.6833,Extension
7,0.4741,0.5161,Extension
8,0.4702,0.4946,Extension
9,0.4936,0.5357,Extension
10,0.4927,0.5288,Extension
11,0.5083,0.5523,Extension
12,0.5083,0.5562,Extension
13,0.4682,0.4868,Extension
14,0.4604,0.4761,Extension
15,0.478,0.5152,Extension
16,0.4878,0.5288,Extension
17,0.4985,0.5445,Extension
18,0.5171,0.5738,Extension
19,0.4839,0.5181,Extension
-,-,-,-
0,0.4643,0.4858,Extension
1,0.4721,0.5103,Extension
2,0.477,0.5064,Extension
3,0.4839,0.5132,Extension
4,0.5308,0.5758,Extension
5,0.5474,0.6354,Extension
6,0.5376,0.7644,Extension
7,0.6872,0.8895,Extension
8,0.6002,0.7116,Extension
9,0.4878,0.5064,Extension
10,0.479,0.5386,Extension
11,0.5093,0.5699,Extension
12,0.522,0.5855,Extension
13,0.5376,0.6022,Extension
14,0.5024,0.5396,Extension
15,0.4428,0.4457,Extension
16,0.4457,0.4497,Extension
17,0.4663,0.4907,Extension
18,0.5044,0.5621,Extension
19,0.5591,0.6432,Extension
-,-,-,-
0,0.5376,0.608,Extension
1,0.4712,0.4966,Extension
2,0.4409,0.4487,Extension
3,0.4282,0.4242,Extension
4,0.4575,0.4731,Extension
5,0.5494,0.5963,Extension
6,0.5718,0.6921,Extension
7,0.65,0.7898,Extension
8,0.5308,0.6158,Extension
9,0.4438,0.4839,Extension
10,0.433,0.4389,Extension
11,0.4946,0.5376,Extension
12,0.5464,0.6158,Extension
13,0.5523,0.6217,Extension
14,0.5112,0.5679,Extension
15,0.4624,0.4819,Extension
16,0.4301,0.433,Extension
17,0.4594,0.4761,Extension
18,0.523,0.5855,Extension
19,0.5357,0.5914,Extension
-,-,-,-
0,0.5054,0.5494,Extension
1,0.4868,0.5269,Extension
2,0.4565,0.4712,Extension
3,0.4614,0.4848,Extension
4,0.5142,0.5562,Extension
5,0.5269,0.563,Extension
6,0.6481,0.7322,Extension
7,0.6931,0.7048,Extension
8,0.5142,0.5904,Extension
9,0.4956,0.5445,Extension
10,0.5161,0.5679,Extension
11,0.4888,0.5191,Extension
12,0.4741,0.4897,Extension
13,0.4839,0.5103,Extension
14,0.4897,0.5191,Extension
15,0.4927,0.5347,Extension
16,0.5103,0.5601,Extension
17,0.5024,0.5455,Extension
18,0.4761,0.4985,Extension
19,0.4741,0.4936,Extension
-,-,-,-
0,0.48,0.5142,Extension
1,0.4936,0.5327,Extension
2,0.5103,0.565,Extension
3,0.5161,0.5748,Extension
4,0.4917,0.5279,Extension
5,0.5083,0.5582,Extension
6,0.6051,0.6804,Extension
7,0.5249,0.5777,Extension
8,0.5112,0.5709,Extension
9,0.523,0.5758,Extension
10,0.5024,0.5367,Extension
11,0.4956,0.5279,Extension
12,0.4936,0.5308,Extension
13,0.4682,0.4848,Extension
14,0.4839,0.5142,Extension
15,0.5034,0.5474,Extension
16,0.4956,0.5357,Extension
17,0.5015,0.5357,Extension
18,0.5005,0.5435,Extension
19,0.4721,0.4985,Extension
-,-,-,-
0,0.4663,0.4966,Extension
1,0.4936,0.5347,Extension
2,0.4868,0.5327,Extension
3,0.4966,0.5543,Extension
4,0.5093,0.5709,Extension
5,0.5748,0.5787,Extension
6,0.5298,0.7224,Extension
7,0.4917,0.5728,Extension
8,0.4751,0.4995,Extension
9,0.478,0.5122,Extension
10,0.5239,0.5904,Extension
11,0.5308,0.6022,Extension
12,0.5161,0.5767,Extension
13,0.4858,0.5327,Extension
14,0.4487,0.4545,Extension
15,0.4409,0.4565,Extension
16,0.5064,0.5591,Extension
17,0.5386,0.6217,Extension
18,0.5455,0.6276,Extension
19,0.5279,0.5934,Extension
-,-,-,-
0,0.4633,0.4809,Extension
1,0.4164,0.4135,Extension
2,0.4545,0.479,Extension
3,0.5064,0.5435,Extension
4,0.5914,0.7126,Extension
5,0.6843,0.8152,Extension
6,0.5777,0.6989,Extension
7,0.4409,0.5073,Extension
8,0.4242,0.435,Extension
9,0.4702,0.4858,Extension
10,0.5112,0.5601,Extension
11,0.564,0.6315,Extension
12,0.5464,0.6149,Extension
13,0.4819,0.5122,Extension
14,0.4409,0.4702,Extension
15,0.4526,0.4643,Extension
16,0.4829,0.5142,Extension
17,0.5318,0.6031,Extension
18,0.5327,0.5953,Extension
19,0.4917,0.5347,Extension
-,-,-,-
0,0.4614,0.4829,Extension
1,0.4565,0.4956,Extension
2,0.4682,0.5034,Extension
3,0.5005,0.5367,Extension
4,0.5103,0.5552,Extension
5,0.5152,0.5367,Extension
6,0.5679,0.8055,Extension
7,0.5601,0.7126,Extension
8,0.5181,0.6002,Extension
9,0.5112,0.5415,Extension
10,0.5015,0.5474,Extension
11,0.4682,0.5015,Extension
12,0.4809,0.5249,Extension
13,0.5005,0.5445,Extension
14,0.5103,0.5709,Extension
15,0.5191,0.5738,Extension
16,0.5181,0.5758,Extension
17,0.48,0.5132,Extension
18,0.4673,0.4936,Extension
19,0.4927,0.5425,Extension
-,-,-,-
0,0.5044,0.563,Extension
1,0.5122,0.5699,Extension
2,0.5288,0.5963,Extension
3,0.4927,0.5327,Extension
4,0.4741,0.4995,Extension
5,0.4839,0.5425,Extension
6,0.4761,0.5406,Extension
7,0.5699,0.7273,Extension
8,0.6325,0.7507,Extension
9,0.5503,0.6344,Extension
10,0.4809,0.5406,Extension
11,0.4839,0.5425,Extension
12,0.4927,0.5347,Extension
13,0.4956,0.5435,Extension
14,0.5279,0.5816,Extension
15,0.52,0.564,Extension
16,0.4966,0.5327,Extension
17,0.5015,0.5386,Extension
18,0.478,0.5171,Extension
19,0.479,0.5171,Extension
-,-,-,-
0,0.5064,0.5513,Extension
1,0.5132,0.566,Extension
2,0.5083,0.567,Extension
3,0.5327,0.5885,Extension
4,0.5552,0.5797,Extension
5,0.5445,0.607,Extension
6,0.5591,0.6716,Extension
7,0.5875,0.6843,Extension
8,0.52,0.565,Extension
9,0.5474,0.6207,Extension
10,0.5494,0.6246,Extension
11,0.5103,0.5601,Extension
12,0.477,0.4966,Extension
13,0.4614,0.4692,Extension
14,0.4682,0.4858,Extension
15,0.5239,0.5748,Extension
16,0.5758,0.6608,Extension
17,0.565,0.653,Extension
18,0.5288,0.5797,Extension
19,0.4653,0.4985,Extension
-,-,-,-
0,0.4409,0.4409,Extension
1,0.4839,0.521,Extension
2,0.5464,0.6168,Extension
3,0.5787,0.6647,Extension
4,0.5836,0.6706,Extension
5,0.521,0.5689,Extension
6,0.4457,0.4467,Extension
7,0.4487,0.4506,Extension
8,0.5112,0.5562,Extension
9,0.5435,0.6129,Extension
10,0.567,0.6471,Extension
11,0.5748,0.6295,Extension
12,0.7038,1,Extension
13,0.5709,0.696,Extension
14,0.5054,0.5474,Extension
15,0.5083,0.5415,Extension
16,0.5494,0.5973,Extension
17,0.5533,0.61,Extension
18,0.4946,0.5249,Extension
19,0.4897,0.5083,Extension
-,-,-,-
0,0.5005,0.5367,Extension
1,0.5064,0.5308,Extension
2,0.52,0.567,Extension
3,0.5318,0.5797,Extension
4,0.5054,0.5415,Extension
5,0.4936,0.522,Extension
6,0.5152,0.5474,Extension
7,0.5024,0.5279,Extension
8,0.4888,0.5161,Extension
9,0.5259,0.5562,Extension
10,0.4761,0.5054,Extension
11,0.5015,0.5279,Extension
12,0.6696,0.6921,Extension
13,0.6266,0.7283,Extension
14,0.5435,0.5943,Extension
15,0.5337,0.5601,Extension
16,0.4663,0.4761,Extension
17,0.478,0.4848,Extension
18,0.5015,0.5347,Extension
19,0.5073,0.5415,Extension
-,-,-,-
0,0.5073,0.5455,Extension
1,0.5103,0.5425,Extension
2,0.479,0.4966,Extension
3,0.4702,0.4878,Extension
4,0.4868,0.5239,Extension
5,0.5015,0.5425,Extension
6,0.5054,0.5474,Extension
7,0.52,0.5689,Extension
8,0.4966,0.5318,Extension
9,0.4731,0.4888,Extension
10,0.48,0.4956,Extension
11,0.5249,0.6882,Extension
12,0.565,0.6491,Extension
13,0.6051,0.6843,Extension
14,0.5543,0.6295,Extension
15,0.4956,0.5327,Extension
16,0.4848,0.5103,Extension
17,0.4878,0.5152,Extension
18,0.478,0.5005,Extension
19,0.5073,0.5327,Extension
-,-,-,-
0,0.5259,0.5728,Extension
1,0.5024,0.5386,Extension
2,0.5064,0.5376,Extension
3,0.4917,0.5288,Extension
4,0.4624,0.4829,Extension
5,0.4643,0.4927,Extension
6,0.4907,0.5191,Extension
7,0.5239,0.5591,Extension
8,0.5699,0.6051,Extension
9,0.5582,0.6012,Extension
10,0.5357,0.5269,Extension
11,0.5249,0.5894,Extension
12,0.5073,0.5611,Extension
13,0.5015,0.5122,Extension
14,0.5308,0.5816,Extension
15,0.564,0.6413,Extension
16,0.5288,0.5787,Extension
17,0.4721,0.4848,Extension
18,0.4438,0.4467,Extension
19,0.4389,0.4506,Extension
-,-,-,-
0,0.4956,0.5318,Extension
1,0.566,0.6422,Extension
2,0.565,0.6403,Extension
3,0.522,0.5689,Extension
4,0.4653,0.4809,Extension
5,0.4194,0.4086,Extension
6,0.4438,0.4516,Extension
7,0.5269,0.5572,Extension
8,0.6012,0.6344,Extension
9,0.6344,0.6549,Extension
10,0.5855,0.7175,Extension
11,0.521,0.5425,Extension
12,0.4467,0.4526,Extension
13,0.4956,0.523,Extension
14,0.5161,0.563,Extension
15,0.5357,0.5806,Extension
16,0.5171,0.5533,Extension
17,0.4692,0.4839,Extension
18,0.4643,0.479,Extension
19,0.4809,0.5044,Extension
-,-,-,-
0,0.4966,0.5269,Extension
1,0.5073,0.5367,Extension
2,0.5064,0.5415,Extension
3,0.4751,0.4956,Extension
4,0.4868,0.5132,Extension
5,0.5064,0.5445,Extension
6,0.4966,0.5337,Extension
7,0.4868,0.5425,Extension
8,0.5073,0.5543,Extension
9,0.5288,0.6813,Extension
10,0.5728,0.6764,Extension
11,0.522,0.5894,Extension
12,0.5122,0.5513,Extension
13,0.5024,0.5288,Extension
14,0.4868,0.5044,Extension
15,0.4643,0.4712,Extension
16,0.4839,0.5073,Extension
17,0.5093,0.5484,Extension
18,0.5171,0.5533,Extension
19,0.5191,0.565,Extension
-,-,-,-
0,0.5132,0.5523,Extension
1,0.4741,0.4936,Extension
2,0.4809,0.4946,Extension
3,0.4907,0.5259,Extension
4,0.4985,0.5357,Extension
5,0.5112,0.5513,Extension
6,0.5367,0.6178,Extension
7,0.52,0.5728,Extension
8,0.522,0.6188,Extension
9,0.6168,0.7126,Extension
10,0.5582,0.5992,Extension
11,0.5152,0.5543,Extension
12,0.5327,0.5816,Extension
13,0.5093,0.5376,Extension
14,0.4907,0.5112,Extension
15,0.4995,0.5259,Extension
16,0.48,0.5073,Extension
17,0.4927,0.523,Extension
18,0.5132,0.5572,Extension
19,0.5064,0.5474,Extension
-,-,-,-
0,0.5181,0.5611,Extension
1,0.5269,0.5777,Extension
2,0.4888,0.522,Extension
3,0.4741,0.4897,Extension
4,0.5064,0.5318,Extension
5,0.5269,0.5494,Extension
6,0.654,0.8065,Extension
7,0.6931,0.956,Extension
8,0.5963,0.6256,Extension
9,0.4907,0.5112,Extension
10,0.4741,0.4878,Extension
11,0.4712,0.4888,Extension
12,0.5142,0.5582,Extension
13,0.5758,0.6579,Extension
14,0.563,0.6383,Extension
15,0.521,0.567,Extension
16,0.4868,0.5024,Extension
17,0.437,0.433,Extension
18,0.4604,0.4712,Extension
19,0.5425,0.5973,Extension
-,-,-,-
0,0.5738,0.6579,Extension
1,0.5591,0.6266,Extension
2,0.5259,0.567,Extension
3,0.4907,0.5269,Extension
4,0.6158,0.6002,Extension
5,0.6579,0.7449,Extension
6,0.6637,0.7537,Extension
7,0.5953,0.6823,Extension
8,0.563,0.6266,Extension
9,0.4897,0.521,Extension
10,0.4555,0.4604,Extension
11,0.478,0.4995,Extension
12,0.5024,0.5337,Extension
13,0.5337,0.5865,Extension
14,0.5543,0.6246,Extension
15,0.5024,0.5386,Extension
16,0.4731,0.4878,Extension
17,0.4868,0.5259,Extension
18,0.5054,0.5337,Extension
19,0.5073,0.5376,Extension
-,-,-,-
0,0.5132,0.5494,Extension
1,0.5034,0.5298,Extension
2,0.4888,0.5064,Extension
3,0.5161,0.5396,Extension
4,0.5142,0.5484,Extension
5,0.5152,0.5288,Extension
6,0.6188,0.6354,Extension
7,0.6813,0.6618,Extension
8,0.6706,0.5718,Extension
9,0.5484,0.5982,Extension
10,0.5249,0.5806,Extension
11,0.5112,0.5415,Extension
12,0.4995,0.5337,Extension
13,0.4888,0.5112,Extension
14,0.477,0.4985,Extension
15,0.5024,0.5367,Extension
16,0.521,0.5709,Extension
17,0.5161,0.566,Extension
18,0.5054,0.5376,Extension
19,0.5112,0.5494,Extension
-,-,-,-
0,0.4761,0.4858,Extension
1,0.4897,0.5112,Extension
2,0.5054,0.5601,Extension
3,0.5171,0.565,Extension
4,0.5269,0.5836,Extension
5,0.6041,0.6764,Extension
6,0.737,0.6178,Extension
7,0.6422,0.7605,Extension
8,0.5152,0.5758,Extension
9,0.4985,0.5308,Extension
10,0.5239,0.5601,Extension
11,0.5298,0.566,Extension
12,0.4985,0.5191,Extension
13,0.4946,0.5132,Extension
14,0.5005,0.5269,Extension
15,0.4897,0.5015,Extension
16,0.5054,0.5376,Extension
17,0.522,0.565,Extension
18,0.5034,0.5396,Extension
19,0.5171,0.5494,Extension
-,-,-,-
0,0.5054,0.5347,Extension
1,0.4663,0.4809,Extension
2,0.478,0.4829,Extension
3,0.4897,0.5122,Extension
4,0.5054,0.5357,Extension
5,0.5376,0.5826,Extension
6,0.5601,0.6295,Extension
7,0.6579,0.7722,Extension
8,0.5738,0.609,Extension
9,0.5122,0.5298,Extension
10,0.4809,0.5083,Extension
11,0.5239,0.5728,Extension
12,0.5855,0.6637,Extension
13,0.5474,0.5973,Extension
14,0.4956,0.5112,Extension
15,0.4565,0.4526,Extension
16,0.4399,0.4203,Extension
17,0.4839,0.4868,Extension
18,0.5503,0.6109,Extension
19,0.5562,0.6266,Extension
-,-,-,-
0,0.5181,0.5484,Extension
1,0.4751,0.4868,Extension
2,0.4282,0.4086,Extension
3,0.4321,0.434,Extension
4,0.5083,0.5445,Extension
5,0.5562,0.6022,Extension
6,0.567,0.6305,Extension
7,0.6432,0.7488,Extension
8,0.7507,0.7067,Extension
9,0.4868,0.4956,Extension
10,0.4868,0.5005,Extension
11,0.521,0.5572,Extension
12,0.5327,0.5748,Extension
13,0.5259,0.5689,Extension
14,0.4761,0.4888,Extension
15,0.4663,0.4761,Extension
16,0.4985,0.5191,Extension
17,0.5034,0.5298,Extension
18,0.4995,0.5288,Extension
19,0.5112,0.5435,Extension
-,-,-,-
0,0.4858,0.5152,Extension
1,0.478,0.5034,Extension
2,0.522,0.5601,Extension
3,0.5269,0.5327,Extension
4,0.5015,0.5044,Extension
5,0.5386,0.567,Extension
6,0.5513,0.5973,Extension
7,0.5787,0.6461,Extension
8,0.5406,0.5709,Extension
9,0.52,0.5552,Extension
10,0.5024,0.5239,Extension
11,0.4936,0.5239,Extension
12,0.4721,0.4731,Extension
13,0.4878,0.5093,Extension
14,0.5152,0.5455,Extension
15,0.5181,0.5572,Extension
16,0.5152,0.5523,Extension
17,0.5122,0.5572,Extension
18,0.4888,0.5112,Extension
19,0.48,0.5044,Extension
-,-,-,-
0,0.5044,0.5337,Extension
1,0.523,0.5591,Extension
2,0.5161,0.5435,Extension
3,0.5318,0.5435,Extension
4,0.52,0.5171,Extension
5,0.52,0.4614,Extension
6,0.609,0.7146,Extension
7,0.608,0.7703,Extension
8,0.5152,0.5543,Extension
9,0.521,0.5582,Extension
10,0.5083,0.5337,Extension
11,0.4829,0.4936,Extension
12,0.4868,0.5034,Extension
13,0.4927,0.5191,Extension
14,0.4907,0.5064,Extension
15,0.5181,0.5523,Extension
16,0.5181,0.5601,Extension
17,0.5132,0.5513,Extension
18,0.5191,0.5591,Extension
19,0.5054,0.5357,Extension
-,-,-,-
0,0.4761,0.4927,Extension
1,0.4809,0.4917,Extension
2,0.5024,0.5318,Extension
3,0.52,0.5621,Extension
4,0.5386,0.6041,Extension
5,0.52,0.5572,Extension
6,0.4878,0.4721,Extension
7,0.5054,0.4487,Extension
8,0.5249,0.5327,Extension
9,0.4966,0.5171,Extension
10,0.5464,0.5943,Extension
11,0.565,0.6188,Extension
12,0.5161,0.5445,Extension
13,0.4653,0.4633,Extension
14,0.437,0.4145,Extension
15,0.4282,0.4145,Extension
16,0.4712,0.4858,Extension
17,0.5112,0.5552,Extension
18,0.4858,0.5122,Extension
19,0.4536,0.4536,Extension
-,-,-,-
0,0.4242,0.4027,Extension
1,0.4037,0.3646,Extension
2,0.4428,0.437,Extension
3,0.523,0.5709,Extension
4,0.5621,0.6217,Extension
5,0.5758,0.6442,Extension
6,0.5464,0.5963,Extension
7,0.437,0.4272,Extension
8,0.4477,0.4418,Extension
9,0.5298,0.5533,Extension
10,0.5308,0.5885,Extension
11,0.5259,0.564,Extension
12,0.5122,0.5367,Extension
13,0.4643,0.477,Extension
14,0.4497,0.4555,Extension
15,0.4917,0.5181,Extension
16,0.4888,0.5191,Extension
17,0.4907,0.5112,Extension
18,0.4985,0.5249,Extension
19,0.48,0.4976,Extension
-,-,-,-
0,0.4643,0.4839,Extension
1,0.5279,0.521,Extension
2,0.5161,0.52,Extension
3,0.4868,0.654,Extension
4,0.5122,0.5357,Extension
5,0.4741,0.4897,Extension
6,0.4692,0.4712,Extension
7,0.4868,0.5005,Extension
8,0.4741,0.48,Extension
9,0.4448,0.4409,Extension
10,0.4418,0.4389,Extension
11,0.4438,0.4418,Extension
12,0.4575,0.4643,Extension
13,0.4878,0.5142,Extension
14,0.4927,0.5191,Extension
15,0.4731,0.4809,Extension
16,0.4585,0.4565,Extension
17,0.4643,0.4751,Extension
18,0.4555,0.4604,Extension
19,0.4702,0.4848,Extension
-,-,-,-
0,0.5034,0.5396,Extension
1,0.4848,0.5093,Extension
2,0.478,0.4848,Extension
3,0.4712,0.4888,Extension
4,0.5562,0.7918,Extension
5,0.5953,0.7097,Extension
6,0.6667,0.7136,Extension
7,0.5572,0.6002,Extension
8,0.4946,0.5386,Extension
9,0.4956,0.5269,Extension
10,0.4751,0.4829,Extension
11,0.4614,0.4692,Extension
12,0.4839,0.5093,Extension
13,0.48,0.4985,Extension
14,0.4839,0.5034,Extension
15,0.5161,0.5591,Extension
16,0.4936,0.5327,Extension
17,0.4761,0.4956,Extension
18,0.4741,0.4966,Extension
19,0.4624,0.4545,Extension
-,-,-,-
0,0.4653,0.4702,Extension
1,0.5308,0.6403,Extension
2,0.608,0.7058,Extension
3,0.6989,1,Extension
4,0.607,0.7879,Extension
5,0.4624,0.4897,Extension
6,0.4213,0.3969,Extension
7,0.4624,0.4585,Extension
8,0.4946,0.5269,Extension
9,0.5259,0.5709,Extension
10,0.5171,0.5611,Extension
11,0.4712,0.4809,Extension
12,0.4174,0.3949,Extension
13,0.4213,0.3988,Extension
14,0.4712,0.479,Extension
15,0.5044,0.5513,Extension
16,0.5406,0.5992,Extension
17,0.5083,0.5425,Extension
18,0.4448,0.4399,Extension
19,0.4027,0.3754,Extension
-,-,-,-
0,0.435,0.437,Extension
1,0.4712,0.4907,Extension
2,0.5161,0.5562,Extension
3,0.5367,0.5855,Extension
4,0.478,0.4936,Extension
5,0.5064,0.7019,Extension
6,0.6422,0.7771,Extension
7,0.4976,0.5357,Extension
8,0.4956,0.52,Extension
9,0.5249,0.5582,Extension
10,0.4927,0.5132,Extension
11,0.4506,0.4614,Extension
12,0.4594,0.4633,Extension
13,0.4575,0.4633,Extension
14,0.4741,0.4936,Extension
15,0.4936,0.5122,Extension
16,0.4809,0.4936,Extension
17,0.4575,0.4712,Extension
18,0.4712,0.4888,Extension
19,0.4721,0.5024,Extension
-,-,-,-
0,0.4682,0.4868,Extension
1,0.477,0.4878,Extension
2,0.4487,0.4624,Extension
3,0.4536,0.4418,Extension
4,0.5376,0.5337,Extension
5,0.5738,0.5875,Extension
6,0.6999,1,Extension
7,0.8172,0.8612,Extension
8,0.5435,0.5562,Extension
9,0.4536,0.4457,Extension
10,0.4575,0.4448,Extension
11,0.4712,0.4848,Extension
12,0.478,0.4917,Extension
13,0.4927,0.5161,Extension
14,0.479,0.4985,Extension
15,0.4487,0.4428,Extension
16,0.4506,0.4516,Extension
17,0.4585,0.4712,Extension
18,0.4673,0.4819,Extension
19,0.4839,0.5083,Extension
-,-,-,-
0,0.4888,0.521,Extension
1,0.4536,0.4653,Extension
2,0.4389,0.433,Extension
3,0.4526,0.4545,Extension
4,0.4809,0.4702,Extension
5,0.6628,0.6891,Extension
6,0.6725,0.8338,Extension
7,0.7214,1,Extension
8,0.6188,0.654,Extension
9,0.4761,0.5142,Extension
10,0.4536,0.4731,Extension
11,0.4673,0.4731,Extension
12,0.4927,0.522,Extension
13,0.4829,0.5064,Extension
14,0.4839,0.5093,Extension
15,0.4897,0.5239,Extension
16,0.4663,0.4809,Extension
17,0.4428,0.4438,Extension
18,0.4702,0.4888,Extension
19,0.4721,0.5024,Extension
-,-,-,-
0,0.4839,0.5269,Extension
1,0.5103,0.5777,Extension
2,0.4848,0.5259,Extension
3,0.4399,0.4497,Extension
4,0.4321,0.435,Extension
5,0.4389,0.4448,Extension
6,0.4741,0.4917,Extension
7,0.5425,0.6285,Extension
8,0.6716,1,Extension
9,0.6207,0.782,Extension
10,0.4692,0.5601,Extension
11,0.4135,0.4115,Extension
12,0.4301,0.436,Extension
13,0.5044,0.5415,Extension
14,0.5357,0.5914,Extension
15,0.5093,0.5601,Extension
16,0.48,0.5093,Extension
17,0.4223,0.4184,Extension
18,0.4027,0.39,Extension
19,0.4585,0.48,Extension
-,-,-,-
0,0.5073,0.5621,Extension
1,0.5181,0.5806,Extension
2,0.5132,0.5709,Extension
3,0.4438,0.4673,Extension
4,0.4027,0.4096,Extension
5,0.4233,0.4516,Extension
6,0.5152,0.5894,Extension
7,0.5885,0.6745,Extension
8,0.6637,0.7038,Extension
9,0.4839,0.5259,Extension
10,0.4399,0.4477,Extension
11,0.4457,0.4692,Extension
12,0.4741,0.5005,Extension
13,0.4692,0.4917,Extension
14,0.4819,0.5044,Extension
15,0.4663,0.4946,Extension
16,0.4555,0.477,Extension
17,0.4751,0.5054,Extension
18,0.4819,0.5161,Extension
19,0.4663,0.4878,Extension
-,-,-,-
0,0.4604,0.479,Extension
1,0.4585,0.477,Extension
2,0.4448,0.4712,Extension
3,0.4682,0.4946,Extension
4,0.4858,0.5318,Extension
5,0.4761,0.4927,Extension
6,0.6383,0.5679,Extension
7,0.5552,0.6931,Extension
8,0.5885,0.564,Extension
9,0.48,0.4907,Extension
10,0.4741,0.5161,Extension
11,0.477,0.5161,Extension
12,0.4809,0.5142,Extension
13,0.479,0.5132,Extension
14,0.4516,0.4643,Extension
15,0.4614,0.48,Extension
16,0.4721,0.5024,Extension
17,0.4751,0.5073,Extension
18,0.4936,0.5259,Extension
19,0.48,0.5161,Extension
-,-,-,-
0,0.4438,0.4575,Extension
1,0.4438,0.4614,Extension
2,0.4585,0.4858,Extension
3,0.4604,0.4897,Extension
4,0.479,0.5239,Extension
5,0.4819,0.5181,Extension
6,0.4565,0.4731,Extension
7,0.4594,0.477,Extension
8,0.4506,0.4731,Extension
9,0.4457,0.4526,Extension
10,0.5435,0.5367,Extension
11,0.6432,0.7458,Extension
12,0.5044,0.5435,Extension
13,0.478,0.5132,Extension
14,0.4653,0.4868,Extension
15,0.4448,0.4467,Extension
16,0.4438,0.4438,Extension
17,0.4633,0.4839,Extension
18,0.478,0.4946,Extension
19,0.5112,0.5552,Extension
-,-,-,-
0,0.5122,0.5591,Extension
1,0.4614,0.4809,Extension
2,0.4311,0.4311,Extension
3,0.4389,0.4399,Extension
4,0.4487,0.4712,Extension
5,0.5024,0.5533,Extension
6,0.5435,0.6129,Extension
7,0.4946,0.5455,Extension
8,0.4448,0.4516,Extension
9,0.437,0.4242,Extension
10,0.477,0.4917,Extension
11,0.609,0.6979,Extension
12,0.5689,0.6979,Extension
13,0.5455,0.6227,Extension
14,0.4858,0.5279,Extension
15,0.4604,0.4741,Extension
16,0.4223,0.4145,Extension
17,0.4428,0.4389,Extension
18,0.52,0.5718,Extension
19,0.5445,0.6139,Extension
-,-,-,-
0,0.5239,0.5787,Extension
1,0.4956,0.5337,Extension
2,0.4389,0.4477,Extension
3,0.4223,0.4301,Extension
4,0.4819,0.5191,Extension
5,0.5054,0.564,Extension
6,0.5171,0.567,Extension
7,0.4917,0.5435,Extension
8,0.4721,0.4663,Extension
9,0.4545,0.4565,Extension
10,0.6139,0.6491,Extension
11,0.6569,0.654,Extension
12,0.5239,0.5806,Extension
13,0.4907,0.5435,Extension
14,0.4692,0.4995,Extension
15,0.4721,0.4936,Extension
16,0.5083,0.5562,Extension
17,0.4985,0.5318,Extension
18,0.478,0.5034,Extension
19,0.4839,0.5239,Extension
-,-,-,-
0,0.4673,0.4936,Extension
1,0.4731,0.5132,Extension
2,0.5005,0.5601,Extension
3,0.4917,0.5396,Extension
4,0.478,0.5152,Extension
5,0.4809,0.5161,Extension
6,0.4506,0.4761,Extension
7,0.4614,0.4888,Extension
8,0.4927,0.5435,Extension
9,0.5024,0.5474,Extension
10,0.48,0.5083,Extension
11,0.4927,0.5161,Extension
12,0.563,0.6706,Extension
13,0.5474,0.61,Extension
14,0.4936,0.5601,Extension
15,0.5064,0.5591,Extension
16,0.4956,0.5337,Extension
17,0.5015,0.5474,Extension
18,0.4907,0.5269,Extension
19,0.4565,0.4712,Extension
-,-,-,-
0,0.4741,0.4995,Extension
1,0.4848,0.5171,Extension
2,0.4829,0.5024,Extension
3,0.4985,0.5298,Extension
4,0.4907,0.5249,Extension
5,0.4604,0.4829,Extension
6,0.4702,0.4917,Extension
7,0.4614,0.4829,Extension
8,0.4663,0.4917,Extension
9,0.4936,0.5406,Extension
10,0.4839,0.5249,Extension
11,0.478,0.5112,Extension
12,0.4848,0.5347,Extension
13,0.4839,0.4888,Extension
14,0.5015,0.6149,Extension
15,0.6276,0.6852,Extension
16,0.6139,0.8201,Extension
17,0.5171,0.6178,Extension
18,0.5249,0.5846,Extension
19,0.4936,0.5327,Extension
-,-,-,-
0,0.4477,0.4536,Extension
1,0.4409,0.4438,Extension
2,0.4604,0.4692,Extension
3,0.4858,0.5181,Extension
4,0.5298,0.5914,Extension
5,0.5249,0.5797,Extension
6,0.4731,0.5034,Extension
7,0.434,0.435,Extension
8,0.4164,0.4057,Extension
9,0.437,0.4438,Extension
10,0.4985,0.5552,Extension
11,0.5367,0.6119,Extension
12,0.5103,0.563,Extension
13,0.4985,0.5142,Extension
14,0.6109,0.6628,Extension
15,0.6334,0.741,Extension
16,0.5758,0.6031,Extension
17,0.5298,0.5885,Extension
18,0.5279,0.6002,Extension
19,0.5054,0.5543,Extension
-,-,-,-
0,0.4536,0.4712,Extension
1,0.4115,0.4047,Extension
2,0.4448,0.4633,Extension
3,0.4839,0.5161,Extension
4,0.4985,0.5455,Extension
5,0.5034,0.5494,Extension
6,0.4643,0.4888,Extension
7,0.4242,0.434,Extension
8,0.4399,0.4516,Extension
9,0.4575,0.4839,Extension
10,0.4839,0.5132,Extension
11,0.5582,0.61,Extension
12,0.6041,0.6051,Extension
13,0.6285,0.6364,Extension
14,0.6452,0.7879,Extension
15,0.5024,0.5425,Extension
16,0.4624,0.4829,Extension
17,0.4545,0.4643,Extension
18,0.4516,0.4702,Extension
19,0.4575,0.4809,Extension
-,-,-,-
0,0.4761,0.5191,Extension
1,0.4936,0.5513,Extension
2,0.4809,0.5386,Extension
3,0.4604,0.4927,Extension
4,0.4536,0.4839,Extension
5,0.4526,0.4761,Extension
6,0.4663,0.5005,Extension
7,0.4966,0.5533,Extension
8,0.4878,0.5347,Extension
9,0.4624,0.4956,Extension
10,0.4604,0.4888,Extension
11,0.4448,0.4721,Extension
12,0.4497,0.477,Extension
13,0.5885,0.7859,Extension
14,0.5992,0.6843,Extension
15,0.4888,0.5474,Extension
16,0.4858,0.5376,Extension
17,0.4594,0.4907,Extension
18,0.4428,0.4663,Extension
19,0.4673,0.5054,Extension
-,-,-,-
0,0.4819,0.5269,Extension
1,0.4761,0.5171,Extension
2,0.4956,0.5425,Extension
3,0.4633,0.5015,Extension
4,0.4497,0.4702,Extension
5,0.4594,0.4985,Extension
6,0.5552,0.6813,Extension
7,0.6432,0.7801,Extension
8,0.6979,0.826,Extension
9,0.4995,0.5924,Extension
10,0.4643,0.5112,Extension
11,0.4702,0.5161,Extension
12,0.4438,0.4682,Extension
13,0.4418,0.4536,Extension
14,0.4692,0.5054,Extension
15,0.4809,0.521,Extension
16,0.5015,0.5543,Extension
17,0.5024,0.5582,Extension
18,0.4477,0.4731,Extension
19,0.4106,0.4106,Extension
-,-,-,-
0,0.437,0.4604,Extension
1,0.4545,0.4888,Extension
2,0.4888,0.5543,Extension
3,0.5249,0.608,Extension
4,0.5015,0.5582,Extension
5,0.5396,0.5386,Extension
6,0.4653,0.5464,Extension
7,0.4291,0.4604,Extension
8,0.4614,0.4946,Extension
9,0.5259,0.5992,Extension
10,0.5132,0.5689,Extension
11,0.4575,0.4829,Extension
12,0.4223,0.4233,Extension
13,0.3969,0.391,Extension
14,0.4233,0.433,Extension
15,0.4946,0.5464,Extension
16,0.5161,0.5718,Extension
17,0.4868,0.5445,Extension
18,0.4594,0.4985,Extension
19,0.4086,0.4223,Extension
-,-,-,-
0,0.4086,0.4164,Extension
1,0.4663,0.5132,Extension
2,0.4927,0.5347,Extension
3,0.4956,0.5415,Extension
4,0.4761,0.5269,Extension
5,0.4712,0.5161,Extension
6,0.5327,0.6852,Extension
7,0.5699,0.7058,Extension
8,0.5103,0.5327,Extension
9,0.4848,0.5181,Extension
10,0.4878,0.5376,Extension
11,0.4614,0.4917,Extension
12,0.4555,0.4897,Extension
13,0.4878,0.5288,Extension
14,0.4741,0.5083,Extension
15,0.4585,0.4761,Extension
16,0.4624,0.4995,Extension
17,0.4497,0.4721,Extension
18,0.4624,0.5015,Extension
19,0.4888,0.5415,Extension
-,-,-,-
0,0.4809,0.5288,Extension
1,0.4565,0.4888,Extension
2,0.4702,0.5103,Extension
3,0.4545,0.5015,Extension
4,0.4702,0.4995,Extension
5,0.5543,0.6716,Extension
6,0.608,0.7146,Extension
7,0.6227,0.6979,Extension
8,0.5318,0.5748,Extension
9,0.4575,0.4946,Extension
10,0.4457,0.4692,Extension
11,0.4761,0.5152,Extension
12,0.4848,0.5279,Extension
13,0.4868,0.5337,Extension
14,0.4907,0.5435,Extension
15,0.4692,0.5034,Extension
16,0.4321,0.4516,Extension
17,0.4536,0.4829,Extension
18,0.4585,0.4946,Extension
19,0.4585,0.4936,Extension
-,-,-,-
0,0.4751,0.5171,Extension
1,0.4643,0.5005,Extension
2,0.4418,0.4702,Extension
3,0.4438,0.4624,Extension
4,0.4409,0.478,Extension
5,0.4839,0.5181,Extension
6,0.563,0.6999,Extension
7,0.5806,0.6364,Extension
8,0.4858,0.522,Extension
9,0.4897,0.5288,Extension
10,0.4536,0.478,Extension
11,0.4389,0.4536,Extension
12,0.4585,0.4917,Extension
13,0.4663,0.5073,Extension
14,0.4936,0.5523,Extension
15,0.521,0.5963,Extension
16,0.4692,0.52,Extension
17,0.436,0.4545,Extension
18,0.4194,0.434,Extension
19,0.4223,0.4203,Extension
-,-,-,-
0,0.4585,0.4927,Extension
1,0.5093,0.5797,Extension
2,0.5044,0.567,Extension
3,0.4741,0.5376,Extension
4,0.4076,0.477,Extension
5,0.4487,0.61,Extension
6,0.5533,0.6344,Extension
7,0.6432,0.7977,Extension
8,0.6295,0.8143,Extension
9,0.5171,0.5816,Extension
10,0.4585,0.4956,Extension
11,0.3969,0.3998,Extension
12,0.3969,0.3881,Extension
13,0.4526,0.4927,Extension
14,0.4927,0.5494,Extension
15,0.5044,0.5748,Extension
16,0.4848,0.5386,Extension
17,0.4203,0.4399,Extension
18,0.4057,0.4164,Extension
19,0.4321,0.4526,Extension
-,-,-,-
0,0.4536,0.4897,Extension
1,0.4829,0.5367,Extension
2,0.4858,0.5435,Extension
3,0.4457,0.479,Extension
4,0.4321,0.4516,Extension
5,0.435,0.4692,Extension
6,0.4936,0.4966,Extension
7,0.5425,0.5191,Extension
8,0.6012,0.6911,Extension
9,0.5523,0.6862,Extension
10,0.4868,0.5591,Extension
11,0.477,0.5122,Extension
12,0.4565,0.4897,Extension
13,0.4506,0.4839,Extension
14,0.4604,0.4888,Extension
15,0.4321,0.4467,Extension
16,0.4389,0.4604,Extension
17,0.4614,0.5024,Extension
18,0.4604,0.4976,Extension
19,0.4604,0.4946,Extension
-,-,-,-
0,0.4545,0.4868,Extension
1,0.4291,0.4477,Extension
2,0.433,0.4497,Extension
3,0.4585,0.4936,Extension
4,0.4633,0.5064,Extension
5,0.4682,0.5191,Extension
6,0.523,0.5152,Extension
7,0.5308,0.6931,Extension
8,0.6188,0.6872,Extension
9,0.6197,0.7019,Extension
10,0.48,0.5064,Extension
11,0.478,0.5132,Extension
12,0.4819,0.5347,Extension
13,0.4506,0.4702,Extension
14,0.437,0.4487,Extension
15,0.434,0.4565,Extension
16,0.4311,0.4536,Extension
17,0.4594,0.4888,Extension
18,0.4761,0.5269,Extension
19,0.4575,0.4956,Extension
-,-,-,-
0,0.4418,0.4721,Extension
1,0.4487,0.4809,Extension
2,0.4291,0.4506,Extension
3,0.4418,0.4614,Extension
4,0.4643,0.5034,Extension
5,0.4585,0.4897,Extension
6,0.477,0.5181,Extension
7,0.48,0.5122,Extension
8,0.5103,0.5611,Extension
9,0.5836,0.7292,Extension
10,0.6129,1,Extension
11,0.5132,0.6774,Extension
12,0.4995,0.5386,Extension
13,0.4878,0.5455,Extension
14,0.4741,0.5279,Extension
15,0.4565,0.4868,Extension
16,0.4194,0.4301,Extension
17,0.4106,0.4174,Extension
18,0.4497,0.4839,Extension
19,0.4868,0.5367,Extension
-,-,-,-
0,0.5044,0.5718,Extension
1,0.4897,0.5415,Extension
2,0.4311,0.4585,Extension
3,0.3842,0.3803,Extension
4,0.4106,0.4194,Extension
5,0.4545,0.4907,Extension
6,0.5171,0.65,Extension
7,0.608,0.6911,Extension
8,0.6559,0.8847,Extension
9,0.4741,0.5738,Extension
10,0.4555,0.4536,Extension
11,0.4291,0.4438,Extension
12,0.479,0.5249,Extension
13,0.5298,0.6051,Extension
14,0.4976,0.5455,Extension
15,0.4272,0.4555,Extension
16,0.4086,0.433,Extension
17,0.4154,0.4291,Extension
18,0.4457,0.4751,Extension
19,0.4995,0.5689,Extension
-,-,-,-
0,0.4907,0.5513,Extension
1,0.4545,0.4946,Extension
2,0.4457,0.4702,Extension
3,0.4291,0.4497,Extension
4,0.436,0.4712,Extension
5,0.4761,0.5298,Extension
6,0.4761,0.5142,Extension
7,0.5181,0.5376,Extension
8,0.4751,0.5464,Extension
9,0.4516,0.4829,Extension
10,0.4555,0.4878,Extension
11,0.477,0.5181,Extension
12,0.4487,0.4702,Extension
13,0.436,0.4506,Extension
14,0.4575,0.4829,Extension
15,0.4536,0.4868,Extension
16,0.477,0.5181,Extension
17,0.4819,0.5318,Extension
18,0.4516,0.4848,Extension
19,0.4379,0.4526,Extension
-,-,-,-
0,0.4487,0.4809,Extension
1,0.4399,0.4614,Extension
2,0.4692,0.5122,Extension
3,0.479,0.5181,Extension
4,0.4604,0.4966,Extension
5,0.4555,0.4878,Extension
6,0.5024,0.5396,Extension
7,0.563,0.6833,Extension
8,0.4888,0.5611,Extension
9,0.4721,0.5122,Extension
10,0.4682,0.4985,Extension
11,0.477,0.5171,Extension
12,0.4536,0.4809,Extension
13,0.4301,0.4526,Extension
14,0.4418,0.4653,Extension
15,0.4506,0.4868,Extension
16,0.4565,0.4936,Extension
17,0.479,0.5239,Extension
18,0.4624,0.4927,Extension
19,0.4428,0.4721,Extension
-,-,-,-
0,0.4418,0.4643,Extension
1,0.4438,0.4673,Extension
2,0.4418,0.4643,Extension
3,0.4555,0.4927,Extension
4,0.5181,0.5582,Extension
5,0.6276,0.7273,Extension
6,0.5543,0.6188,Extension
7,0.4604,0.5054,Extension
8,0.4233,0.435,Extension
9,0.4536,0.4819,Extension
10,0.4761,0.5142,Extension
11,0.4897,0.5376,Extension
12,0.5093,0.5718,Extension
13,0.477,0.5161,Extension
14,0.4213,0.4301,Extension
15,0.4233,0.4389,Extension
16,0.436,0.4409,Extension
17,0.4721,0.5112,Extension
18,0.5279,0.6012,Extension
19,0.5034,0.5601,Extension
-,-,-,-
0,0.4409,0.4633,Extension
1,0.4145,0.4223,Extension
2,0.4057,0.3861,Extension
3,0.4741,0.5298,Extension
4,0.8182,0.9404,Extension
5,0.7234,1,Extension
6,0.5367,0.5885,Extension
7,0.4536,0.4751,Extension
8,0.3988,0.3949,Extension
9,0.4037,0.4057,Extension
10,0.4741,0.5239,Extension
11,0.5239,0.6002,Extension
12,0.5171,0.5934,Extension
13,0.4936,0.5494,Extension
14,0.436,0.4536,Extension
15,0.4096,0.4115,Extension
16,0.4555,0.4888,Extension
17,0.4829,0.5357,Extension
18,0.4976,0.5572,Extension
19,0.4956,0.5474,Extension
-,-,-,-
0,0.4438,0.4702,Extension
1,0.4242,0.433,Extension
2,0.4643,0.4819,Extension
3,0.5054,0.5503,Extension
4,0.6676,0.9365,Extension
5,0.7263,0.8348,Extension
6,0.4575,0.5083,Extension
7,0.4555,0.4848,Extension
8,0.4721,0.5132,Extension
9,0.4585,0.4976,Extension
10,0.4555,0.4966,Extension
11,0.4594,0.4907,Extension
12,0.4409,0.4663,Extension
13,0.4448,0.4721,Extension
14,0.4712,0.5191,Extension
15,0.4673,0.5132,Extension
16,0.4555,0.4917,Extension
17,0.4585,0.4995,Extension
18,0.433,0.4536,Extension
19,0.435,0.4497,Extension
-,-,-,-
0,0.477,0.5191,Extension
1,0.4692,0.5024,Extension
2,0.5015,0.5836,Extension
3,0.6432,0.7664,Extension
4,0.5611,0.7009,Extension
5,0.4487,0.4761,Extension
6,0.4673,0.4966,Extension
7,0.4614,0.4985,Extension
8,0.4731,0.5122,Extension
9,0.4917,0.5445,Extension
10,0.4633,0.4956,Extension
11,0.4409,0.4594,Extension
12,0.4467,0.4741,Extension
13,0.4448,0.4692,Extension
14,0.4643,0.4917,Extension
15,0.4839,0.5259,Extension
16,0.4633,0.4946,Extension
17,0.4585,0.4741,Extension
18,0.4467,0.4907,Extension
19,0.5103,0.5816,Extension
-,-,-,-
0,0.6442,1,Extension
1,0.6041,0.7058,Extension
2,0.4809,0.522,Extension
3,0.4692,0.5083,Extension
4,0.4721,0.5112,Extension
5,0.4418,0.4624,Extension
6,0.4272,0.433,Extension
7,0.4526,0.4721,Extension
8,0.4575,0.4829,Extension
9,0.4917,0.5357,Extension
10,0.5122,0.5748,Extension
11,0.4878,0.5425,Extension
12,0.4457,0.4712,Extension
13,0.433,0.4457,Extension
14,0.4242,0.436,Extension
15,0.4614,0.5034,Extension
16,0.5337,0.6178,Extension
17,0.5171,0.5934,Extension
18,0.48,0.5347,Extension
19,0.4418,0.4565,Extension
-,-,-,-
0,0.4086,0.3939,Extension
1,0.4213,0.4223,Extension
2,0.5259,0.6031,Extension
3,0.6422,0.9619,Extension
4,0.5728,0.826,Extension
5,0.521,0.5582,Extension
6,0.4145,0.4106,Extension
7,0.4057,0.4018,Extension
8,0.4594,0.4848,Extension
9,0.4976,0.5591,Extension
10,0.5269,0.609,Extension
11,0.5181,0.5855,Extension
12,0.4506,0.479,Extension
13,0.4174,0.4262,Extension
14,0.4409,0.4673,Extension
15,0.4761,0.5132,Extension
16,0.5083,0.5679,Extension
17,0.5073,0.5689,Extension
18,0.4633,0.5015,Extension
19,0.4477,0.4731,Extension
-,-,-,-
0,0.4516,0.4858,Extension
1,0.4565,0.4985,Extension
2,0.4721,0.5181,Extension
3,0.4829,0.5357,Extension
4,0.4545,0.4976,Extension
5,0.4633,0.4878,Extension
6,0.5386,0.7429,Extension
7,0.5885,0.738,Extension
8,0.6686,0.8651,Extension
9,0.5318,0.6051,Extension
10,0.4624,0.4956,Extension
11,0.4663,0.5142,Extension
12,0.4936,0.5572,Extension
13,0.479,0.5347,Extension
14,0.4467,0.4878,Extension
15,0.4379,0.4927,Extension
16,0.4213,0.4487,Extension
17,0.4184,0.4506,Extension
18,0.4487,0.4956,Extension
19,0.4487,0.5034,Extension
-,-,-,-
0,0.4575,0.5064,Extension
1,0.4956,0.5396,Extension
2,0.4487,0.4917,Extension
3,0.4497,0.4878,Extension
4,0.478,0.5396,Extension
5,0.4858,0.5425,Extension
6,0.6608,0.653,Extension
7,0.6325,0.8182,Extension
8,0.523,0.5777,Extension
9,0.4751,0.521,Extension
10,0.4761,0.5279,Extension
11,0.4682,0.5142,Extension
12,0.4839,0.5347,Extension
13,0.5112,0.5846,Extension
14,0.5024,0.564,Extension
15,0.477,0.5298,Extension
16,0.4751,0.5406,Extension
17,0.4624,0.5122,Extension
18,0.4643,0.5161,Extension
19,0.4878,0.5543,Extension
-,-,-,-
0,0.5005,0.5748,Extension
1,0.4927,0.566,Extension
2,0.5415,0.564,Extension
3,0.4927,0.5152,Extension
4,0.4917,0.5171,Extension
5,0.5826,0.608,Extension
6,0.5777,0.694,Extension
7,0.6325,0.6784,Extension
8,0.5992,0.7341,Extension
9,0.5152,0.5924,Extension
10,0.4721,0.5024,Extension
11,0.4457,0.48,Extension
12,0.433,0.4526,Extension
13,0.4702,0.523,Extension
14,0.5337,0.6246,Extension
15,0.5386,0.6413,Extension
16,0.5132,0.5943,Extension
17,0.4604,0.5083,Extension
18,0.4057,0.4223,Extension
19,0.4291,0.4516,Extension
-,-,-,-
0,0.5064,0.5973,Extension
1,0.5318,0.6334,Extension
2,0.5455,0.6452,Extension
3,0.4936,0.5611,Extension
4,0.4203,0.4321,Extension
5,0.4047,0.4057,Extension
6,0.4477,0.4848,Extension
7,0.4946,0.5679,Extension
8,0.5425,0.6256,Extension
9,0.5376,0.6051,Extension
10,0.4868,0.5621,Extension
11,0.5161,0.5445,Extension
12,0.5474,0.5836,Extension
13,0.4868,0.5435,Extension
14,0.5093,0.5689,Extension
15,0.5181,0.6061,Extension
16,0.4721,0.5298,Extension
17,0.4516,0.4995,Extension
18,0.4526,0.4956,Extension
19,0.4585,0.5112,Extension
-,-,-,-
0,0.477,0.5288,Extension
1,0.4907,0.5464,Extension
2,0.4653,0.522,Extension
3,0.4682,0.523,Extension
4,0.4643,0.5239,Extension
5,0.4702,0.5249,Extension
6,0.479,0.5288,Extension
7,0.4692,0.5064,Extension
8,0.4526,0.4839,Extension
9,0.5005,0.5865,Extension
10,0.6882,0.8162,Extension
11,0.5767,0.6608,Extension
12,0.5142,0.5914,Extension
13,0.48,0.5239,Extension
14,0.4663,0.5005,Extension
15,0.4761,0.52,Extension
16,0.478,0.5367,Extension
17,0.4936,0.5543,Extension
18,0.5112,0.5904,Extension
19,0.4956,0.5503,Extension
-,-,-,-
0,0.4692,0.5073,Extension
1,0.479,0.5269,Extension
2,0.4682,0.5122,Extension
3,0.4643,0.5161,Extension
4,0.5054,0.5728,Extension
5,0.4966,0.5572,Extension
6,0.4936,0.5093,Extension
7,0.5015,0.5679,Extension
8,0.5875,0.6716,Extension
9,0.5152,0.5601,Extension
10,0.5122,0.5533,Extension
11,0.4907,0.5533,Extension
12,0.4927,0.5689,Extension
13,0.5054,0.5797,Extension
14,0.4702,0.5318,Extension
15,0.4614,0.5044,Extension
16,0.4751,0.5386,Extension
17,0.4712,0.522,Extension
18,0.4878,0.5464,Extension
19,0.5093,0.5875,Extension
-,-,-,-
0,0.4839,0.5523,Extension
1,0.4702,0.522,Extension
2,0.4594,0.5132,Extension
3,0.4594,0.477,Extension
4,0.4663,0.5122,Extension
5,0.5044,0.5728,Extension
6,0.52,0.5982,Extension
7,0.5767,0.6735,Extension
8,0.6031,0.6559,Extension
9,0.521,0.6119,Extension
10,0.4653,0.4624,Extension
11,0.4731,0.5152,Extension
12,0.5191,0.6002,Extension
13,0.5425,0.6442,Extension
14,0.52,0.6041,Extension
15,0.4457,0.4809,Extension
16,0.4145,0.4262,Extension
17,0.4389,0.48,Extension
18,0.48,0.5445,Extension
19,0.5376,0.6393,Extension
-,-,-,-
0,0.5455,0.654,Extension
1,0.4897,0.5621,Extension
2,0.437,0.4692,Extension
3,0.4203,0.435,Extension
4,0.437,0.4604,Extension
5,0.5005,0.5904,Extension
6,0.5591,0.6569,Extension
7,0.6139,0.7527,Extension
8,0.5386,0.6989,Extension
9,0.5474,0.609,Extension
10,0.4682,0.4858,Extension
11,0.4966,0.5455,Extension
12,0.5337,0.6051,Extension
13,0.5171,0.5875,Extension
14,0.4868,0.5464,Extension
15,0.4526,0.5015,Extension
16,0.4428,0.479,Extension
17,0.479,0.5445,Extension
18,0.4897,0.5523,Extension
19,0.477,0.5347,Extension
-,-,-,-
0,0.4829,0.5396,Extension
1,0.4604,0.5103,Extension
2,0.4624,0.5142,Extension
3,0.4819,0.5533,Extension
4,0.4721,0.5406,Extension
5,0.4682,0.523,Extension
6,0.6266,0.6618,Extension
7,0.6549,0.6197,Extension
8,0.5386,0.5523,Extension
9,0.5064,0.5709,Extension
10,0.4907,0.5396,Extension
11,0.4712,0.5103,Extension
12,0.478,0.5308,Extension
13,0.4643,0.5112,Extension
14,0.4731,0.5279,Extension
15,0.5015,0.5748,Extension
16,0.4956,0.566,Extension
17,0.4858,0.5445,Extension
18,0.4858,0.5484,Extension
19,0.4565,0.4976,Extension
-,-,-,-
0,0.4506,0.4927,Extension
1,0.4839,0.5376,Extension
2,0.478,0.5376,Extension
3,0.5122,0.5826,Extension
4,0.7224,0.825,Extension
5,0.697,0.8964,Extension
6,0.5934,0.6403,Extension
7,0.4878,0.5445,Extension
8,0.4721,0.5269,Extension
9,0.4966,0.5562,Extension
10,0.4976,0.5689,Extension
11,0.4721,0.5318,Extension
12,0.4692,0.5318,Extension
13,0.4624,0.521,Extension
14,0.4565,0.5083,Extension
15,0.4848,0.5464,Extension
16,0.4956,0.5621,Extension
17,0.4888,0.5494,Extension
18,0.5024,0.5777,Extension
19,0.4741,0.5347,Extension
-,-,-,-
0,0.4457,0.479,Extension
1,0.4585,0.4995,Extension
2,0.4643,0.4985,Extension
3,0.5064,0.5327,Extension
4,0.5249,0.6452,Extension
5,0.5621,0.6764,Extension
6,0.6373,0.7214,Extension
7,0.5709,0.5621,Extension
8,0.437,0.4487,Extension
9,0.48,0.5152,Extension
10,0.5367,0.6403,Extension
11,0.5767,0.694,Extension
12,0.5738,0.697,Extension
13,0.4946,0.5709,Extension
14,0.4428,0.4848,Extension
15,0.4467,0.4946,Extension
16,0.5093,0.5992,Extension
17,0.5562,0.6657,Extension
18,0.5914,0.7253,Extension
19,0.5435,0.6491,Extension
